complaint_id,submission_timestamp,created_at_utc,recipients,customer_email,country,product_name,lot_serial_no,complaint_type,pdf_filename,dropbox_file_path,dropbox_shared_link,github_run_url,all_fields_kv
RN-20251216-1433,2025-12-16T13:33:01.111Z,2025-12-16T13:33:15.661371+00:00,,,,,,,,,,https://github.com/raz-redentnova/customer_complaint_form/actions/runs/20269721170,
RN-20251216-1603,2025-12-16T15:03:11.853Z,2025-12-16T15:03:50.942106+00:00,,,,,,,,,,https://github.com/raz-redentnova/customer_complaint_form/actions/runs/20272491421,
CC2025-01,2025-12-17T10:13:22.997Z,2025-12-17T10:24:52.677761+00:00,lab@redentnova.de,,,,,,CC2025-01.pdf,,,https://github.com/likithjayaramgowda/Customer_cc/actions/runs/20299259931,"complaint_id=RN-20251217-1113 | email_to=['lab@redentnova.de', 'likithjayaramgowda@gmail.com'] | mail_error={'lab@redentnova.de': (550, b'to send email from a blank sender, enable blank senders')} | mail_ok=False | sections=[{'rows': [{'label': 'First Name', 'value': 'Likith'}, {'label': 'Last Name', 'value': 'Jayaram Gowda'}, {'label': 'Phone Number', 'value': '01748856263'}, {'label': 'Email Address', 'value': 'likithjayaramgowda@gmail.com'}, {'label': 'Address', 'value': 'Damerowstrase 14'}], 'title': 'Form Details'}, {'rows': [{'label': 'Product Name', 'value': 'Hsbs'}, {'label': 'Product Size', 'value': ''}, {'label': 'LOT / Serial Number', 'value': 'Bsb'}, {'label': 'Quantity', 'value': ''}, {'label': 'Purchased From (Distributor)', 'value': 'Hsbs'}, {'label': 'Country', 'value': 'Hsh'}], 'title': 'Product Information'}, {'rows': [{'label': 'Complaint Type', 'value': 'Product Defect'}, {'label': 'Complaint Description', 'value': ''}, {'label': 'Additional Information', 'value': ''}, {'label': 'Primary Solution (If Provided)', 'value': 'No'}, {'label': 'Comments On Solution', 'value': ''}], 'title': 'Complaint Details'}, {'rows': [{'label': 'Should this complaint be reported to authorities?', 'value': 'No'}], 'title': 'Regulatory Trigger'}] | submission_id=RN-20251217-1113 | submission_timestamp=2025-12-17T10:13:22.997Z"
CC2025-02,2025-12-17T10:13:22.997Z,2025-12-17T10:52:51.898247+00:00,lab@redentnova.de,,,,,,CC2025-02.pdf,,,https://github.com/likithjayaramgowda/Customer_cc/actions/runs/20299259931,"{""complaint_id"": ""RN-20251217-1113"", ""email_to"": [""lab@redentnova.de"", ""likithjayaramgowda@gmail.com""], ""sections"": [{""rows"": [{""label"": ""First Name"", ""value"": ""Likith""}, {""label"": ""Last Name"", ""value"": ""Jayaram Gowda""}, {""label"": ""Phone Number"", ""value"": ""01748856263""}, {""label"": ""Email Address"", ""value"": ""likithjayaramgowda@gmail.com""}, {""label"": ""Address"", ""value"": ""Damerowstrase 14""}], ""title"": ""Form Details""}, {""rows"": [{""label"": ""Product Name"", ""value"": ""Hsbs""}, {""label"": ""Product Size"", ""value"": """"}, {""label"": ""LOT / Serial Number"", ""value"": ""Bsb""}, {""label"": ""Quantity"", ""value"": """"}, {""label"": ""Purchased From (Distributor)"", ""value"": ""Hsbs""}, {""label"": ""Country"", ""value"": ""Hsh""}], ""title"": ""Product Information""}, {""rows"": [{""label"": ""Complaint Type"", ""value"": ""Product Defect""}, {""label"": ""Complaint Description"", ""value"": """"}, {""label"": ""Additional Information"", ""value"": """"}, {""label"": ""Primary Solution (If Provided)"", ""value"": ""No""}, {""label"": ""Comments On Solution"", ""value"": """"}], ""title"": ""Complaint Details""}, {""rows"": [{""label"": ""Should this complaint be reported to authorities?"", ""value"": ""No""}], ""title"": ""Regulatory Trigger""}], ""submission_id"": ""RN-20251217-1113"", ""submission_timestamp"": ""2025-12-17T10:13:22.997Z"", ""mail_ok"": false, ""mail_error"": ""(501, b'<None>: sender address must contain a domain', 'None')""}"
CC2025-03,2025-12-17T11:17:53.791Z,2025-12-17T11:18:08.942509+00:00,lab@redentnova.de,,,,,,CC2025-03.pdf,,,https://github.com/likithjayaramgowda/Customer_cc/actions/runs/20300998059,"{""complaint_id"": ""RN-20251217-1217"", ""email_to"": [""lab@redentnova.de"", ""likithjayaramgowda@gmail.com""], ""sections"": [{""rows"": [{""label"": ""First Name"", ""value"": ""Likith""}, {""label"": ""Last Name"", ""value"": ""Jayaram Gowda""}, {""label"": ""Phone Number"", ""value"": ""01748856263""}, {""label"": ""Email Address"", ""value"": ""likithjayaramgowda@gmail.com""}, {""label"": ""Address"", ""value"": ""Damerowstrase 14""}], ""title"": ""Form Details""}, {""rows"": [{""label"": ""Product Name"", ""value"": ""Hsbs""}, {""label"": ""Product Size"", ""value"": """"}, {""label"": ""LOT / Serial Number"", ""value"": ""Bsb""}, {""label"": ""Quantity"", ""value"": """"}, {""label"": ""Purchased From (Distributor)"", ""value"": ""Hsbs""}, {""label"": ""Country"", ""value"": ""Hsh""}], ""title"": ""Product Information""}, {""rows"": [{""label"": ""Complaint Type"", ""value"": ""Product Defect""}, {""label"": ""Complaint Description"", ""value"": """"}, {""label"": ""Additional Information"", ""value"": """"}, {""label"": ""Primary Solution (If Provided)"", ""value"": ""No""}, {""label"": ""Comments On Solution"", ""value"": """"}], ""title"": ""Complaint Details""}, {""rows"": [{""label"": ""Should this complaint be reported to authorities?"", ""value"": ""No""}], ""title"": ""Regulatory Trigger""}], ""submission_id"": ""RN-20251217-1217"", ""submission_timestamp"": ""2025-12-17T11:17:53.791Z"", ""mail_ok"": false, ""mail_error"": ""(501, b'<None>: sender address must contain a domain', 'None')"", ""_sections"": null}"
CC2025-04,2025-12-17T13:13:29.254Z,2025-12-17T13:13:52.669899+00:00,lab@redentnova.de,likithjayaramgowda@gmail.com,Hsh,Hsbs,Bsb,Product Defect,CC2025-04.pdf,,,https://github.com/likithjayaramgowda/Customer_cc/actions/runs/20304017054,"{""complaint_id"": ""RN-20251217-1413"", ""email_to"": [""lab@redentnova.de"", ""likithjayaramgowda@gmail.com""], ""sections"": [{""rows"": [{""label"": ""First Name"", ""value"": ""Likith""}, {""label"": ""Last Name"", ""value"": ""Jayaram Gowda""}, {""label"": ""Phone Number"", ""value"": ""01748856263""}, {""label"": ""Email Address"", ""value"": ""likithjayaramgowda@gmail.com""}, {""label"": ""Address"", ""value"": ""Damerowstrase 14""}], ""title"": ""Form Details""}, {""rows"": [{""label"": ""Product Name"", ""value"": ""Hsbs""}, {""label"": ""Product Size"", ""value"": """"}, {""label"": ""LOT / Serial Number"", ""value"": ""Bsb""}, {""label"": ""Quantity"", ""value"": """"}, {""label"": ""Purchased From (Distributor)"", ""value"": ""Hsbs""}, {""label"": ""Country"", ""value"": ""Hsh""}], ""title"": ""Product Information""}, {""rows"": [{""label"": ""Complaint Type"", ""value"": ""Product Defect""}, {""label"": ""Complaint Description"", ""value"": """"}, {""label"": ""Additional Information"", ""value"": """"}, {""label"": ""Primary Solution (If Provided)"", ""value"": ""No""}, {""label"": ""Comments On Solution"", ""value"": """"}], ""title"": ""Complaint Details""}, {""rows"": [{""label"": ""Should this complaint be reported to authorities?"", ""value"": ""No""}], ""title"": ""Regulatory Trigger""}], ""submission_id"": ""RN-20251217-1413"", ""submission_timestamp"": ""2025-12-17T13:13:29.254Z"", ""mail_ok"": true, ""mail_error"": """", ""_sections"": [{""rows"": [{""label"": ""First Name"", ""value"": ""Likith""}, {""label"": ""Last Name"", ""value"": ""Jayaram Gowda""}, {""label"": ""Phone Number"", ""value"": ""01748856263""}, {""label"": ""Email Address"", ""value"": ""likithjayaramgowda@gmail.com""}, {""label"": ""Address"", ""value"": ""Damerowstrase 14""}], ""title"": ""Form Details""}, {""rows"": [{""label"": ""Product Name"", ""value"": ""Hsbs""}, {""label"": ""Product Size"", ""value"": """"}, {""label"": ""LOT / Serial Number"", ""value"": ""Bsb""}, {""label"": ""Quantity"", ""value"": """"}, {""label"": ""Purchased From (Distributor)"", ""value"": ""Hsbs""}, {""label"": ""Country"", ""value"": ""Hsh""}], ""title"": ""Product Information""}, {""rows"": [{""label"": ""Complaint Type"", ""value"": ""Product Defect""}, {""label"": ""Complaint Description"", ""value"": """"}, {""label"": ""Additional Information"", ""value"": """"}, {""label"": ""Primary Solution (If Provided)"", ""value"": ""No""}, {""label"": ""Comments On Solution"", ""value"": """"}], ""title"": ""Complaint Details""}, {""rows"": [{""label"": ""Should this complaint be reported to authorities?"", ""value"": ""No""}], ""title"": ""Regulatory Trigger""}]}"
CC2025-05,2025-12-17T13:59:39.295Z,2025-12-17T13:59:55.930628+00:00,"lab@redentnova.de, likithjayaramgowda@gmail.com",likithjayaramgowda@gmail.com,Hsh,Hsbs,Bsb,Product Defect,CC2025-05.pdf,,,,"{""complaint_id"": ""RN-20251217-1459"", ""email_to"": [""lab@redentnova.de"", ""likithjayaramgowda@gmail.com""], ""sections"": [{""rows"": [{""label"": ""First Name"", ""value"": ""Likith""}, {""label"": ""Last Name"", ""value"": ""Jayaram Gowda""}, {""label"": ""Phone Number"", ""value"": ""01748856263""}, {""label"": ""Email Address"", ""value"": ""likithjayaramgowda@gmail.com""}, {""label"": ""Address"", ""value"": ""Damerowstrase 14""}], ""title"": ""Form Details""}, {""rows"": [{""label"": ""Product Name"", ""value"": ""Hsbs""}, {""label"": ""Product Size"", ""value"": """"}, {""label"": ""LOT / Serial Number"", ""value"": ""Bsb""}, {""label"": ""Quantity"", ""value"": """"}, {""label"": ""Purchased From (Distributor)"", ""value"": ""Hsbs""}, {""label"": ""Country"", ""value"": ""Hsh""}], ""title"": ""Product Information""}, {""rows"": [{""label"": ""Complaint Type"", ""value"": ""Product Defect""}, {""label"": ""Complaint Description"", ""value"": """"}, {""label"": ""Additional Information"", ""value"": """"}, {""label"": ""Primary Solution (If Provided)"", ""value"": ""No""}, {""label"": ""Comments On Solution"", ""value"": """"}], ""title"": ""Complaint Details""}, {""rows"": [{""label"": ""Should this complaint be reported to authorities?"", ""value"": ""No""}], ""title"": ""Regulatory Trigger""}], ""submission_id"": ""RN-20251217-1459"", ""submission_timestamp"": ""2025-12-17T13:59:39.295Z"", ""mail_ok"": true, ""mail_error"": """", ""dropbox_ok"": false, ""dropbox_error"": ""AuthError('f3e2ef47094b4328847bc6176942b75b', AuthError('expired_access_token', None))"", ""customer_email"": ""likithjayaramgowda@gmail.com"", ""_sections"": [{""rows"": [{""label"": ""First Name"", ""value"": ""Likith""}, {""label"": ""Last Name"", ""value"": ""Jayaram Gowda""}, {""label"": ""Phone Number"", ""value"": ""01748856263""}, {""label"": ""Email Address"", ""value"": ""likithjayaramgowda@gmail.com""}, {""label"": ""Address"", ""value"": ""Damerowstrase 14""}], ""title"": ""Form Details""}, {""rows"": [{""label"": ""Product Name"", ""value"": ""Hsbs""}, {""label"": ""Product Size"", ""value"": """"}, {""label"": ""LOT / Serial Number"", ""value"": ""Bsb""}, {""label"": ""Quantity"", ""value"": """"}, {""label"": ""Purchased From (Distributor)"", ""value"": ""Hsbs""}, {""label"": ""Country"", ""value"": ""Hsh""}], ""title"": ""Product Information""}, {""rows"": [{""label"": ""Complaint Type"", ""value"": ""Product Defect""}, {""label"": ""Complaint Description"", ""value"": """"}, {""label"": ""Additional Information"", ""value"": """"}, {""label"": ""Primary Solution (If Provided)"", ""value"": ""No""}, {""label"": ""Comments On Solution"", ""value"": """"}], ""title"": ""Complaint Details""}, {""rows"": [{""label"": ""Should this complaint be reported to authorities?"", ""value"": ""No""}], ""title"": ""Regulatory Trigger""}]}"
CC2025-06,2025-12-17T14:06:48.540Z,2025-12-17T14:07:12.799227+00:00,"lab@redentnova.de, likithjayaramgowda@gmail.com",likithjayaramgowda@gmail.com,Hsh,Hsbs,Bsb,Product Defect,CC2025-06.pdf,,,,"{""complaint_id"": ""RN-20251217-1506"", ""email_to"": [""lab@redentnova.de"", ""likithjayaramgowda@gmail.com""], ""sections"": [{""rows"": [{""label"": ""First Name"", ""value"": ""Likith""}, {""label"": ""Last Name"", ""value"": ""Jayaram Gowda""}, {""label"": ""Phone Number"", ""value"": ""01748856263""}, {""label"": ""Email Address"", ""value"": ""likithjayaramgowda@gmail.com""}, {""label"": ""Address"", ""value"": ""Damerowstrase 14""}], ""title"": ""Form Details""}, {""rows"": [{""label"": ""Product Name"", ""value"": ""Hsbs""}, {""label"": ""Product Size"", ""value"": """"}, {""label"": ""LOT / Serial Number"", ""value"": ""Bsb""}, {""label"": ""Quantity"", ""value"": """"}, {""label"": ""Purchased From (Distributor)"", ""value"": ""Hsbs""}, {""label"": ""Country"", ""value"": ""Hsh""}], ""title"": ""Product Information""}, {""rows"": [{""label"": ""Complaint Type"", ""value"": ""Product Defect""}, {""label"": ""Complaint Description"", ""value"": """"}, {""label"": ""Additional Information"", ""value"": """"}, {""label"": ""Primary Solution (If Provided)"", ""value"": ""No""}, {""label"": ""Comments On Solution"", ""value"": """"}], ""title"": ""Complaint Details""}, {""rows"": [{""label"": ""Should this complaint be reported to authorities?"", ""value"": ""No""}], ""title"": ""Regulatory Trigger""}], ""submission_id"": ""RN-20251217-1506"", ""submission_timestamp"": ""2025-12-17T14:06:48.540Z"", ""mail_ok"": true, ""mail_error"": """", ""dropbox_ok"": false, ""dropbox_error"": ""AuthError('553d1c161d634c2fb4de26e36942b910', AuthError('expired_access_token', None))"", ""customer_email"": ""likithjayaramgowda@gmail.com"", ""_sections"": [{""rows"": [{""label"": ""First Name"", ""value"": ""Likith""}, {""label"": ""Last Name"", ""value"": ""Jayaram Gowda""}, {""label"": ""Phone Number"", ""value"": ""01748856263""}, {""label"": ""Email Address"", ""value"": ""likithjayaramgowda@gmail.com""}, {""label"": ""Address"", ""value"": ""Damerowstrase 14""}], ""title"": ""Form Details""}, {""rows"": [{""label"": ""Product Name"", ""value"": ""Hsbs""}, {""label"": ""Product Size"", ""value"": """"}, {""label"": ""LOT / Serial Number"", ""value"": ""Bsb""}, {""label"": ""Quantity"", ""value"": """"}, {""label"": ""Purchased From (Distributor)"", ""value"": ""Hsbs""}, {""label"": ""Country"", ""value"": ""Hsh""}], ""title"": ""Product Information""}, {""rows"": [{""label"": ""Complaint Type"", ""value"": ""Product Defect""}, {""label"": ""Complaint Description"", ""value"": """"}, {""label"": ""Additional Information"", ""value"": """"}, {""label"": ""Primary Solution (If Provided)"", ""value"": ""No""}, {""label"": ""Comments On Solution"", ""value"": """"}], ""title"": ""Complaint Details""}, {""rows"": [{""label"": ""Should this complaint be reported to authorities?"", ""value"": ""No""}], ""title"": ""Regulatory Trigger""}]}"
CC2025-07,2025-12-17T14:12:54.905Z,2025-12-17T14:13:14.849633+00:00,"lab@redentnova.de, likithjayaramgowda@gmail.com",likithjayaramgowda@gmail.com,Hsh,Hsbs,Bsb,Product Defect,CC2025-07.pdf,,,,"{""complaint_id"": ""RN-20251217-1512"", ""email_to"": [""lab@redentnova.de"", ""likithjayaramgowda@gmail.com""], ""sections"": [{""rows"": [{""label"": ""First Name"", ""value"": ""Likith""}, {""label"": ""Last Name"", ""value"": ""Jayaram Gowda""}, {""label"": ""Phone Number"", ""value"": ""01748856263""}, {""label"": ""Email Address"", ""value"": ""likithjayaramgowda@gmail.com""}, {""label"": ""Address"", ""value"": ""Damerowstrase 14""}], ""title"": ""Form Details""}, {""rows"": [{""label"": ""Product Name"", ""value"": ""Hsbs""}, {""label"": ""Product Size"", ""value"": """"}, {""label"": ""LOT / Serial Number"", ""value"": ""Bsb""}, {""label"": ""Quantity"", ""value"": """"}, {""label"": ""Purchased From (Distributor)"", ""value"": ""Hsbs""}, {""label"": ""Country"", ""value"": ""Hsh""}], ""title"": ""Product Information""}, {""rows"": [{""label"": ""Complaint Type"", ""value"": ""Product Defect""}, {""label"": ""Complaint Description"", ""value"": """"}, {""label"": ""Additional Information"", ""value"": """"}, {""label"": ""Primary Solution (If Provided)"", ""value"": ""No""}, {""label"": ""Comments On Solution"", ""value"": """"}], ""title"": ""Complaint Details""}, {""rows"": [{""label"": ""Should this complaint be reported to authorities?"", ""value"": ""No""}], ""title"": ""Regulatory Trigger""}], ""submission_id"": ""RN-20251217-1512"", ""submission_timestamp"": ""2025-12-17T14:12:54.905Z"", ""mail_ok"": true, ""mail_error"": """", ""dropbox_ok"": false, ""dropbox_error"": ""BadInputError('a02bc201c38c4e71a556eac86942ba7a', 'Error in call to API function \""files/get_metadata\"": Your app (ID: 5574835) is not permitted to access this endpoint because it does not have the required scope \\'files.metadata.read\\'. The owner of the app can enable the scope for the app using the Permissions tab on the App Console.')"", ""customer_email"": ""likithjayaramgowda@gmail.com"", ""_sections"": [{""rows"": [{""label"": ""First Name"", ""value"": ""Likith""}, {""label"": ""Last Name"", ""value"": ""Jayaram Gowda""}, {""label"": ""Phone Number"", ""value"": ""01748856263""}, {""label"": ""Email Address"", ""value"": ""likithjayaramgowda@gmail.com""}, {""label"": ""Address"", ""value"": ""Damerowstrase 14""}], ""title"": ""Form Details""}, {""rows"": [{""label"": ""Product Name"", ""value"": ""Hsbs""}, {""label"": ""Product Size"", ""value"": """"}, {""label"": ""LOT / Serial Number"", ""value"": ""Bsb""}, {""label"": ""Quantity"", ""value"": """"}, {""label"": ""Purchased From (Distributor)"", ""value"": ""Hsbs""}, {""label"": ""Country"", ""value"": ""Hsh""}], ""title"": ""Product Information""}, {""rows"": [{""label"": ""Complaint Type"", ""value"": ""Product Defect""}, {""label"": ""Complaint Description"", ""value"": """"}, {""label"": ""Additional Information"", ""value"": """"}, {""label"": ""Primary Solution (If Provided)"", ""value"": ""No""}, {""label"": ""Comments On Solution"", ""value"": """"}], ""title"": ""Complaint Details""}, {""rows"": [{""label"": ""Should this complaint be reported to authorities?"", ""value"": ""No""}], ""title"": ""Regulatory Trigger""}]}"
CC2025-08,2025-12-17T14:14:48.420Z,2025-12-17T14:15:07.773210+00:00,"lab@redentnova.de, likithjayaramgowda@gmail.com",likithjayaramgowda@gmail.com,Hsh,Hsbs,Bsb,Product Defect,CC2025-08.pdf,,,,"{""complaint_id"": ""RN-20251217-1514"", ""email_to"": [""lab@redentnova.de"", ""likithjayaramgowda@gmail.com""], ""sections"": [{""rows"": [{""label"": ""First Name"", ""value"": ""Likith""}, {""label"": ""Last Name"", ""value"": ""Jayaram Gowda""}, {""label"": ""Phone Number"", ""value"": ""01748856263""}, {""label"": ""Email Address"", ""value"": ""likithjayaramgowda@gmail.com""}, {""label"": ""Address"", ""value"": ""Damerowstrase 14""}], ""title"": ""Form Details""}, {""rows"": [{""label"": ""Product Name"", ""value"": ""Hsbs""}, {""label"": ""Product Size"", ""value"": """"}, {""label"": ""LOT / Serial Number"", ""value"": ""Bsb""}, {""label"": ""Quantity"", ""value"": """"}, {""label"": ""Purchased From (Distributor)"", ""value"": ""Hsbs""}, {""label"": ""Country"", ""value"": ""Hsh""}], ""title"": ""Product Information""}, {""rows"": [{""label"": ""Complaint Type"", ""value"": ""Product Defect""}, {""label"": ""Complaint Description"", ""value"": """"}, {""label"": ""Additional Information"", ""value"": """"}, {""label"": ""Primary Solution (If Provided)"", ""value"": ""No""}, {""label"": ""Comments On Solution"", ""value"": """"}], ""title"": ""Complaint Details""}, {""rows"": [{""label"": ""Should this complaint be reported to authorities?"", ""value"": ""No""}], ""title"": ""Regulatory Trigger""}], ""submission_id"": ""RN-20251217-1514"", ""submission_timestamp"": ""2025-12-17T14:14:48.420Z"", ""mail_ok"": true, ""mail_error"": """", ""dropbox_ok"": false, ""dropbox_error"": ""BadInputError('4e78b1c51c5d4dcfa9d2d3806942baeb', 'Error in call to API function \""files/get_metadata\"": Your app (ID: 5574835) is not permitted to access this endpoint because it does not have the required scope \\'files.metadata.read\\'. The owner of the app can enable the scope for the app using the Permissions tab on the App Console.')"", ""customer_email"": ""likithjayaramgowda@gmail.com"", ""_sections"": [{""rows"": [{""label"": ""First Name"", ""value"": ""Likith""}, {""label"": ""Last Name"", ""value"": ""Jayaram Gowda""}, {""label"": ""Phone Number"", ""value"": ""01748856263""}, {""label"": ""Email Address"", ""value"": ""likithjayaramgowda@gmail.com""}, {""label"": ""Address"", ""value"": ""Damerowstrase 14""}], ""title"": ""Form Details""}, {""rows"": [{""label"": ""Product Name"", ""value"": ""Hsbs""}, {""label"": ""Product Size"", ""value"": """"}, {""label"": ""LOT / Serial Number"", ""value"": ""Bsb""}, {""label"": ""Quantity"", ""value"": """"}, {""label"": ""Purchased From (Distributor)"", ""value"": ""Hsbs""}, {""label"": ""Country"", ""value"": ""Hsh""}], ""title"": ""Product Information""}, {""rows"": [{""label"": ""Complaint Type"", ""value"": ""Product Defect""}, {""label"": ""Complaint Description"", ""value"": """"}, {""label"": ""Additional Information"", ""value"": """"}, {""label"": ""Primary Solution (If Provided)"", ""value"": ""No""}, {""label"": ""Comments On Solution"", ""value"": """"}], ""title"": ""Complaint Details""}, {""rows"": [{""label"": ""Should this complaint be reported to authorities?"", ""value"": ""No""}], ""title"": ""Regulatory Trigger""}]}"
CC2025-09,2025-12-17T14:18:23.374Z,2025-12-17T14:18:46.162354+00:00,"lab@redentnova.de, likithjayaramgowda@gmail.com",likithjayaramgowda@gmail.com,Hsh,Hsbs,Bsb,Product Defect,CC2025-09.pdf,,,,"{""complaint_id"": ""RN-20251217-1518"", ""email_to"": [""lab@redentnova.de"", ""likithjayaramgowda@gmail.com""], ""sections"": [{""rows"": [{""label"": ""First Name"", ""value"": ""Likith""}, {""label"": ""Last Name"", ""value"": ""Jayaram Gowda""}, {""label"": ""Phone Number"", ""value"": ""01748856263""}, {""label"": ""Email Address"", ""value"": ""likithjayaramgowda@gmail.com""}, {""label"": ""Address"", ""value"": ""Damerowstrase 14""}], ""title"": ""Form Details""}, {""rows"": [{""label"": ""Product Name"", ""value"": ""Hsbs""}, {""label"": ""Product Size"", ""value"": """"}, {""label"": ""LOT / Serial Number"", ""value"": ""Bsb""}, {""label"": ""Quantity"", ""value"": """"}, {""label"": ""Purchased From (Distributor)"", ""value"": ""Hsbs""}, {""label"": ""Country"", ""value"": ""Hsh""}], ""title"": ""Product Information""}, {""rows"": [{""label"": ""Complaint Type"", ""value"": ""Product Defect""}, {""label"": ""Complaint Description"", ""value"": """"}, {""label"": ""Additional Information"", ""value"": """"}, {""label"": ""Primary Solution (If Provided)"", ""value"": ""No""}, {""label"": ""Comments On Solution"", ""value"": """"}], ""title"": ""Complaint Details""}, {""rows"": [{""label"": ""Should this complaint be reported to authorities?"", ""value"": ""No""}], ""title"": ""Regulatory Trigger""}], ""submission_id"": ""RN-20251217-1518"", ""submission_timestamp"": ""2025-12-17T14:18:23.374Z"", ""mail_ok"": true, ""mail_error"": """", ""dropbox_ok"": false, ""dropbox_error"": ""BadInputError('011c8c109a6043a7a2a3344c6942bbc6', 'Error in call to API function \""files/get_metadata\"": Your app (ID: 5574835) is not permitted to access this endpoint because it does not have the required scope \\'files.metadata.read\\'. The owner of the app can enable the scope for the app using the Permissions tab on the App Console.')"", ""customer_email"": ""likithjayaramgowda@gmail.com"", ""_sections"": [{""rows"": [{""label"": ""First Name"", ""value"": ""Likith""}, {""label"": ""Last Name"", ""value"": ""Jayaram Gowda""}, {""label"": ""Phone Number"", ""value"": ""01748856263""}, {""label"": ""Email Address"", ""value"": ""likithjayaramgowda@gmail.com""}, {""label"": ""Address"", ""value"": ""Damerowstrase 14""}], ""title"": ""Form Details""}, {""rows"": [{""label"": ""Product Name"", ""value"": ""Hsbs""}, {""label"": ""Product Size"", ""value"": """"}, {""label"": ""LOT / Serial Number"", ""value"": ""Bsb""}, {""label"": ""Quantity"", ""value"": """"}, {""label"": ""Purchased From (Distributor)"", ""value"": ""Hsbs""}, {""label"": ""Country"", ""value"": ""Hsh""}], ""title"": ""Product Information""}, {""rows"": [{""label"": ""Complaint Type"", ""value"": ""Product Defect""}, {""label"": ""Complaint Description"", ""value"": """"}, {""label"": ""Additional Information"", ""value"": """"}, {""label"": ""Primary Solution (If Provided)"", ""value"": ""No""}, {""label"": ""Comments On Solution"", ""value"": """"}], ""title"": ""Complaint Details""}, {""rows"": [{""label"": ""Should this complaint be reported to authorities?"", ""value"": ""No""}], ""title"": ""Regulatory Trigger""}]}"
CC2025-10,2025-12-17T14:22:27.840Z,2025-12-17T14:22:47.025955+00:00,"lab@redentnova.de, likithjayaramgowda@gmail.com",likithjayaramgowda@gmail.com,Hsh,Hsbs,Bsb,Product Defect,CC2025-10.pdf,/CC_Test_Uploads/CC2025-10.pdf,https://www.dropbox.com/scl/fi/qizq7s2k9giuf7uljctvk/CC2025-10.pdf?rlkey=audy6sjcj5wza9jlpoo76l25t&dl=1,,"{""complaint_id"": ""RN-20251217-1522"", ""email_to"": [""lab@redentnova.de"", ""likithjayaramgowda@gmail.com""], ""sections"": [{""rows"": [{""label"": ""First Name"", ""value"": ""Likith""}, {""label"": ""Last Name"", ""value"": ""Jayaram Gowda""}, {""label"": ""Phone Number"", ""value"": ""01748856263""}, {""label"": ""Email Address"", ""value"": ""likithjayaramgowda@gmail.com""}, {""label"": ""Address"", ""value"": ""Damerowstrase 14""}], ""title"": ""Form Details""}, {""rows"": [{""label"": ""Product Name"", ""value"": ""Hsbs""}, {""label"": ""Product Size"", ""value"": """"}, {""label"": ""LOT / Serial Number"", ""value"": ""Bsb""}, {""label"": ""Quantity"", ""value"": """"}, {""label"": ""Purchased From (Distributor)"", ""value"": ""Hsbs""}, {""label"": ""Country"", ""value"": ""Hsh""}], ""title"": ""Product Information""}, {""rows"": [{""label"": ""Complaint Type"", ""value"": ""Product Defect""}, {""label"": ""Complaint Description"", ""value"": """"}, {""label"": ""Additional Information"", ""value"": """"}, {""label"": ""Primary Solution (If Provided)"", ""value"": ""No""}, {""label"": ""Comments On Solution"", ""value"": """"}], ""title"": ""Complaint Details""}, {""rows"": [{""label"": ""Should this complaint be reported to authorities?"", ""value"": ""No""}], ""title"": ""Regulatory Trigger""}], ""submission_id"": ""RN-20251217-1522"", ""submission_timestamp"": ""2025-12-17T14:22:27.840Z"", ""mail_ok"": true, ""mail_error"": """", ""dropbox_ok"": true, ""dropbox_error"": """", ""customer_email"": ""likithjayaramgowda@gmail.com"", ""_sections"": [{""rows"": [{""label"": ""First Name"", ""value"": ""Likith""}, {""label"": ""Last Name"", ""value"": ""Jayaram Gowda""}, {""label"": ""Phone Number"", ""value"": ""01748856263""}, {""label"": ""Email Address"", ""value"": ""likithjayaramgowda@gmail.com""}, {""label"": ""Address"", ""value"": ""Damerowstrase 14""}], ""title"": ""Form Details""}, {""rows"": [{""label"": ""Product Name"", ""value"": ""Hsbs""}, {""label"": ""Product Size"", ""value"": """"}, {""label"": ""LOT / Serial Number"", ""value"": ""Bsb""}, {""label"": ""Quantity"", ""value"": """"}, {""label"": ""Purchased From (Distributor)"", ""value"": ""Hsbs""}, {""label"": ""Country"", ""value"": ""Hsh""}], ""title"": ""Product Information""}, {""rows"": [{""label"": ""Complaint Type"", ""value"": ""Product Defect""}, {""label"": ""Complaint Description"", ""value"": """"}, {""label"": ""Additional Information"", ""value"": """"}, {""label"": ""Primary Solution (If Provided)"", ""value"": ""No""}, {""label"": ""Comments On Solution"", ""value"": """"}], ""title"": ""Complaint Details""}, {""rows"": [{""label"": ""Should this complaint be reported to authorities?"", ""value"": ""No""}], ""title"": ""Regulatory Trigger""}]}"
CC2025-11,2025-12-17T20:01:37.404Z,2025-12-17T20:01:58.374135+00:00,"lab@redentnova.de, likithgowdru234@gmail.com",likithgowdru234@gmail.com,Bsb,T,Hhsv,Quality Issue,CC2025-11.pdf,,,,"{""complaint_id"": ""RN-20251217-2101"", ""email_to"": [""lab@redentnova.de"", ""likithgowdru234@gmail.com""], ""sections"": [{""rows"": [{""label"": ""First Name"", ""value"": ""Likith ""}, {""label"": ""Last Name"", ""value"": ""Hsb""}, {""label"": ""Phone Number"", ""value"": """"}, {""label"": ""Email Address"", ""value"": ""likithgowdru234@gmail.com""}, {""label"": ""Address"", ""value"": ""Damerowstraße 14A\n3rd Floor C/O Singh""}], ""title"": ""Form Details""}, {""rows"": [{""label"": ""Product Name"", ""value"": ""T""}, {""label"": ""Product Size"", ""value"": """"}, {""label"": ""LOT / Serial Number"", ""value"": ""Hhsv""}, {""label"": ""Quantity"", ""value"": """"}, {""label"": ""Purchased From (Distributor)"", ""value"": ""Gsv""}, {""label"": ""Country"", ""value"": ""Bsb""}], ""title"": ""Product Information""}, {""rows"": [{""label"": ""Complaint Type"", ""value"": ""Quality Issue""}, {""label"": ""Complaint Description"", ""value"": """"}, {""label"": ""Additional Information"", ""value"": """"}, {""label"": ""Primary Solution (If Provided)"", ""value"": ""No""}, {""label"": ""Comments On Solution"", ""value"": """"}], ""title"": ""Complaint Details""}, {""rows"": [{""label"": ""Should this complaint be reported to authorities?"", ""value"": ""No""}], ""title"": ""Regulatory Trigger""}], ""submission_id"": ""RN-20251217-2101"", ""submission_timestamp"": ""2025-12-17T20:01:37.404Z"", ""mail_ok"": true, ""mail_error"": """", ""dropbox_ok"": false, ""dropbox_error"": ""AuthError('e72a50c422a047a4adb59a3e69430c36', AuthError('expired_access_token', None))"", ""customer_email"": ""likithgowdru234@gmail.com"", ""_sections"": [{""rows"": [{""label"": ""First Name"", ""value"": ""Likith ""}, {""label"": ""Last Name"", ""value"": ""Hsb""}, {""label"": ""Phone Number"", ""value"": """"}, {""label"": ""Email Address"", ""value"": ""likithgowdru234@gmail.com""}, {""label"": ""Address"", ""value"": ""Damerowstraße 14A\n3rd Floor C/O Singh""}], ""title"": ""Form Details""}, {""rows"": [{""label"": ""Product Name"", ""value"": ""T""}, {""label"": ""Product Size"", ""value"": """"}, {""label"": ""LOT / Serial Number"", ""value"": ""Hhsv""}, {""label"": ""Quantity"", ""value"": """"}, {""label"": ""Purchased From (Distributor)"", ""value"": ""Gsv""}, {""label"": ""Country"", ""value"": ""Bsb""}], ""title"": ""Product Information""}, {""rows"": [{""label"": ""Complaint Type"", ""value"": ""Quality Issue""}, {""label"": ""Complaint Description"", ""value"": """"}, {""label"": ""Additional Information"", ""value"": """"}, {""label"": ""Primary Solution (If Provided)"", ""value"": ""No""}, {""label"": ""Comments On Solution"", ""value"": """"}], ""title"": ""Complaint Details""}, {""rows"": [{""label"": ""Should this complaint be reported to authorities?"", ""value"": ""No""}], ""title"": ""Regulatory Trigger""}]}"
CC2025-12,2025-12-17T20:03:46.861Z,2025-12-17T20:04:02.596096+00:00,"lab@redentnova.de, likithgowdru234@gmail.com",likithgowdru234@gmail.com,Gsgs,Bdb,Hsb,Product Defect,CC2025-12.pdf,,,,"{""complaint_id"": ""RN-20251217-2103"", ""email_to"": [""lab@redentnova.de"", ""likithgowdru234@gmail.com""], ""sections"": [{""rows"": [{""label"": ""First Name"", ""value"": ""Hsb""}, {""label"": ""Last Name"", ""value"": ""Hsbs""}, {""label"": ""Phone Number"", ""value"": """"}, {""label"": ""Email Address"", ""value"": ""likithgowdru234@gmail.com""}, {""label"": ""Address"", ""value"": ""Damerowstraße 14A\n3rd Floor C/O Singh""}], ""title"": ""Form Details""}, {""rows"": [{""label"": ""Product Name"", ""value"": ""Bdb""}, {""label"": ""Product Size"", ""value"": """"}, {""label"": ""LOT / Serial Number"", ""value"": ""Hsb""}, {""label"": ""Quantity"", ""value"": """"}, {""label"": ""Purchased From (Distributor)"", ""value"": ""Hsb""}, {""label"": ""Country"", ""value"": ""Gsgs""}], ""title"": ""Product Information""}, {""rows"": [{""label"": ""Complaint Type"", ""value"": ""Product Defect""}, {""label"": ""Complaint Description"", ""value"": """"}, {""label"": ""Additional Information"", ""value"": """"}, {""label"": ""Primary Solution (If Provided)"", ""value"": ""No""}, {""label"": ""Comments On Solution"", ""value"": """"}], ""title"": ""Complaint Details""}, {""rows"": [{""label"": ""Should this complaint be reported to authorities?"", ""value"": ""Yes""}], ""title"": ""Regulatory Trigger""}, {""rows"": [{""label"": ""Was the device used on a patient?"", ""value"": ""Yes""}, {""label"": ""Was the device cleaned before returning?"", ""value"": ""No""}, {""label"": ""What kind of system is this?"", ""value"": ""Distributor""}], ""title"": ""Authority-Required Additional Questions""}], ""submission_id"": ""RN-20251217-2103"", ""submission_timestamp"": ""2025-12-17T20:03:46.861Z"", ""mail_ok"": true, ""mail_error"": """", ""dropbox_ok"": false, ""dropbox_error"": ""AuthError('908c36f37c6244888c470a6b69430cb2', AuthError('expired_access_token', None))"", ""customer_email"": ""likithgowdru234@gmail.com"", ""_sections"": [{""rows"": [{""label"": ""First Name"", ""value"": ""Hsb""}, {""label"": ""Last Name"", ""value"": ""Hsbs""}, {""label"": ""Phone Number"", ""value"": """"}, {""label"": ""Email Address"", ""value"": ""likithgowdru234@gmail.com""}, {""label"": ""Address"", ""value"": ""Damerowstraße 14A\n3rd Floor C/O Singh""}], ""title"": ""Form Details""}, {""rows"": [{""label"": ""Product Name"", ""value"": ""Bdb""}, {""label"": ""Product Size"", ""value"": """"}, {""label"": ""LOT / Serial Number"", ""value"": ""Hsb""}, {""label"": ""Quantity"", ""value"": """"}, {""label"": ""Purchased From (Distributor)"", ""value"": ""Hsb""}, {""label"": ""Country"", ""value"": ""Gsgs""}], ""title"": ""Product Information""}, {""rows"": [{""label"": ""Complaint Type"", ""value"": ""Product Defect""}, {""label"": ""Complaint Description"", ""value"": """"}, {""label"": ""Additional Information"", ""value"": """"}, {""label"": ""Primary Solution (If Provided)"", ""value"": ""No""}, {""label"": ""Comments On Solution"", ""value"": """"}], ""title"": ""Complaint Details""}, {""rows"": [{""label"": ""Should this complaint be reported to authorities?"", ""value"": ""Yes""}], ""title"": ""Regulatory Trigger""}, {""rows"": [{""label"": ""Was the device used on a patient?"", ""value"": ""Yes""}, {""label"": ""Was the device cleaned before returning?"", ""value"": ""No""}, {""label"": ""What kind of system is this?"", ""value"": ""Distributor""}], ""title"": ""Authority-Required Additional Questions""}]}"
CC2025-13,2025-12-18T15:57:54.502Z,2025-12-18T15:58:13.748590+00:00,"lab@redentnova.de, raz.flieshman@redentnova.de, likithgowdru234@gmail.com",likithgowdru234@gmail.com,Gsgs,Bdb,Hsb,Product Defect,CC2025-13.pdf,,,,"{""complaint_id"": ""RN-20251218-1657"", ""email_to"": [[""lab@redentnova.de"", ""raz.flieshman@redentnova.de""], ""likithgowdru234@gmail.com""], ""sections"": [{""rows"": [{""label"": ""First Name"", ""value"": ""Hsb""}, {""label"": ""Last Name"", ""value"": ""Hsbs""}, {""label"": ""Phone Number"", ""value"": """"}, {""label"": ""Email Address"", ""value"": ""likithgowdru234@gmail.com""}, {""label"": ""Address"", ""value"": ""Damerowstraße 14A\n3rd Floor C/O Singh""}], ""title"": ""Form Details""}, {""rows"": [{""label"": ""Product Name"", ""value"": ""Bdb""}, {""label"": ""Product Size"", ""value"": """"}, {""label"": ""LOT / Serial Number"", ""value"": ""Hsb""}, {""label"": ""Quantity"", ""value"": """"}, {""label"": ""Purchased From (Distributor)"", ""value"": ""Hsb""}, {""label"": ""Country"", ""value"": ""Gsgs""}], ""title"": ""Product Information""}, {""rows"": [{""label"": ""Complaint Type"", ""value"": ""Product Defect""}, {""label"": ""Complaint Description"", ""value"": """"}, {""label"": ""Additional Information"", ""value"": """"}, {""label"": ""Primary Solution (If Provided)"", ""value"": ""No""}, {""label"": ""Comments On Solution"", ""value"": """"}], ""title"": ""Complaint Details""}, {""rows"": [{""label"": ""Should this complaint be reported to authorities?"", ""value"": ""Yes""}], ""title"": ""Regulatory Trigger""}, {""rows"": [{""label"": ""Was the device used on a patient?"", ""value"": ""Yes""}, {""label"": ""Was the device cleaned before returning?"", ""value"": ""No""}, {""label"": ""What kind of system is this?"", ""value"": ""Distributor""}], ""title"": ""Authority-Required Additional Questions""}], ""submission_id"": ""RN-20251218-1657"", ""submission_timestamp"": ""2025-12-18T15:57:54.502Z"", ""mail_ok"": true, ""mail_error"": """", ""dropbox_ok"": false, ""dropbox_error"": ""AuthError('a55681af453a4c0d9f39d61669442495', AuthError('expired_access_token', None))"", ""customer_email"": ""likithgowdru234@gmail.com"", ""_sections"": [{""rows"": [{""label"": ""First Name"", ""value"": ""Hsb""}, {""label"": ""Last Name"", ""value"": ""Hsbs""}, {""label"": ""Phone Number"", ""value"": """"}, {""label"": ""Email Address"", ""value"": ""likithgowdru234@gmail.com""}, {""label"": ""Address"", ""value"": ""Damerowstraße 14A\n3rd Floor C/O Singh""}], ""title"": ""Form Details""}, {""rows"": [{""label"": ""Product Name"", ""value"": ""Bdb""}, {""label"": ""Product Size"", ""value"": """"}, {""label"": ""LOT / Serial Number"", ""value"": ""Hsb""}, {""label"": ""Quantity"", ""value"": """"}, {""label"": ""Purchased From (Distributor)"", ""value"": ""Hsb""}, {""label"": ""Country"", ""value"": ""Gsgs""}], ""title"": ""Product Information""}, {""rows"": [{""label"": ""Complaint Type"", ""value"": ""Product Defect""}, {""label"": ""Complaint Description"", ""value"": """"}, {""label"": ""Additional Information"", ""value"": """"}, {""label"": ""Primary Solution (If Provided)"", ""value"": ""No""}, {""label"": ""Comments On Solution"", ""value"": """"}], ""title"": ""Complaint Details""}, {""rows"": [{""label"": ""Should this complaint be reported to authorities?"", ""value"": ""Yes""}], ""title"": ""Regulatory Trigger""}, {""rows"": [{""label"": ""Was the device used on a patient?"", ""value"": ""Yes""}, {""label"": ""Was the device cleaned before returning?"", ""value"": ""No""}, {""label"": ""What kind of system is this?"", ""value"": ""Distributor""}], ""title"": ""Authority-Required Additional Questions""}]}"
CC2025-14,2025-12-29T11:16:06.405Z,2025-12-29T11:16:24.082255+00:00,"lab@redentnova.de, raz.flieshman@redentnova.de, likithjayaramgowda@gmail.com",likithjayaramgowda@gmail.com,Hzhsv,Habsb,Svsv,Packaging Issue,CC2025-14.pdf,,,,"{""complaint_id"": ""RN-20251229-1216"", ""email_to"": [""lab@redentnova.de"", ""likithjayaramgowda@gmail.com""], ""sections"": [{""rows"": [{""label"": ""First Name"", ""value"": ""Likith""}, {""label"": ""Last Name"", ""value"": ""Jayaram Gowda""}, {""label"": ""Phone Number"", ""value"": ""01748856263""}, {""label"": ""Email Address"", ""value"": ""likithjayaramgowda@gmail.com""}, {""label"": ""Address"", ""value"": ""Damerowstraße 14, C/o Balan""}], ""title"": ""Form Details""}, {""rows"": [{""label"": ""Product Name"", ""value"": ""Habsb""}, {""label"": ""Product Size"", ""value"": """"}, {""label"": ""LOT / Serial Number"", ""value"": ""Svsv""}, {""label"": ""Quantity"", ""value"": """"}, {""label"": ""Purchased From (Distributor)"", ""value"": ""Hsbs""}, {""label"": ""Country"", ""value"": ""Hzhsv""}], ""title"": ""Product Information""}, {""rows"": [{""label"": ""Complaint Type"", ""value"": ""Packaging Issue""}, {""label"": ""Complaint Description"", ""value"": """"}, {""label"": ""Additional Information"", ""value"": """"}, {""label"": ""Primary Solution (If Provided)"", ""value"": ""No""}, {""label"": ""Comments On Solution"", ""value"": """"}], ""title"": ""Complaint Details""}, {""rows"": [{""label"": ""Should this complaint be reported to authorities?"", ""value"": ""No""}], ""title"": ""Regulatory Trigger""}], ""submission_id"": ""RN-20251229-1216"", ""submission_timestamp"": ""2025-12-29T11:16:06.405Z"", ""mail_ok"": true, ""mail_error"": """", ""dropbox_ok"": false, ""dropbox_error"": ""BadInputError('655978aee7fa404dbc7b7faa69526308', 'Error in call to API function \""users/get_current_account\"": This API function operates on a single Dropbox account, but the OAuth 2 access token you provided is for an entire Dropbox Business team.  Since your API app key has team member file access permissions, you can operate on a team member\\'s Dropbox by providing the \""Dropbox-API-Select-User\"" HTTP header or \""select_user\"" URL parameter to specify the exact user <https://www.dropbox.com/developers/documentation/http/teams>.')"", ""customer_email"": ""likithjayaramgowda@gmail.com"", ""_sections"": [{""rows"": [{""label"": ""First Name"", ""value"": ""Likith""}, {""label"": ""Last Name"", ""value"": ""Jayaram Gowda""}, {""label"": ""Phone Number"", ""value"": ""01748856263""}, {""label"": ""Email Address"", ""value"": ""likithjayaramgowda@gmail.com""}, {""label"": ""Address"", ""value"": ""Damerowstraße 14, C/o Balan""}], ""title"": ""Form Details""}, {""rows"": [{""label"": ""Product Name"", ""value"": ""Habsb""}, {""label"": ""Product Size"", ""value"": """"}, {""label"": ""LOT / Serial Number"", ""value"": ""Svsv""}, {""label"": ""Quantity"", ""value"": """"}, {""label"": ""Purchased From (Distributor)"", ""value"": ""Hsbs""}, {""label"": ""Country"", ""value"": ""Hzhsv""}], ""title"": ""Product Information""}, {""rows"": [{""label"": ""Complaint Type"", ""value"": ""Packaging Issue""}, {""label"": ""Complaint Description"", ""value"": """"}, {""label"": ""Additional Information"", ""value"": """"}, {""label"": ""Primary Solution (If Provided)"", ""value"": ""No""}, {""label"": ""Comments On Solution"", ""value"": """"}], ""title"": ""Complaint Details""}, {""rows"": [{""label"": ""Should this complaint be reported to authorities?"", ""value"": ""No""}], ""title"": ""Regulatory Trigger""}]}"
CC2025-15,2025-12-29T11:16:06.405Z,2025-12-29T11:20:14.412410+00:00,"lab@redentnova.de, raz.flieshman@redentnova.de, likithjayaramgowda@gmail.com",likithjayaramgowda@gmail.com,Hzhsv,Habsb,Svsv,Packaging Issue,CC2025-15.pdf,,,,"{""complaint_id"": ""RN-20251229-1216"", ""email_to"": [""lab@redentnova.de"", ""likithjayaramgowda@gmail.com""], ""sections"": [{""rows"": [{""label"": ""First Name"", ""value"": ""Likith""}, {""label"": ""Last Name"", ""value"": ""Jayaram Gowda""}, {""label"": ""Phone Number"", ""value"": ""01748856263""}, {""label"": ""Email Address"", ""value"": ""likithjayaramgowda@gmail.com""}, {""label"": ""Address"", ""value"": ""Damerowstraße 14, C/o Balan""}], ""title"": ""Form Details""}, {""rows"": [{""label"": ""Product Name"", ""value"": ""Habsb""}, {""label"": ""Product Size"", ""value"": """"}, {""label"": ""LOT / Serial Number"", ""value"": ""Svsv""}, {""label"": ""Quantity"", ""value"": """"}, {""label"": ""Purchased From (Distributor)"", ""value"": ""Hsbs""}, {""label"": ""Country"", ""value"": ""Hzhsv""}], ""title"": ""Product Information""}, {""rows"": [{""label"": ""Complaint Type"", ""value"": ""Packaging Issue""}, {""label"": ""Complaint Description"", ""value"": """"}, {""label"": ""Additional Information"", ""value"": """"}, {""label"": ""Primary Solution (If Provided)"", ""value"": ""No""}, {""label"": ""Comments On Solution"", ""value"": """"}], ""title"": ""Complaint Details""}, {""rows"": [{""label"": ""Should this complaint be reported to authorities?"", ""value"": ""No""}], ""title"": ""Regulatory Trigger""}], ""submission_id"": ""RN-20251229-1216"", ""submission_timestamp"": ""2025-12-29T11:16:06.405Z"", ""mail_ok"": true, ""mail_error"": """", ""dropbox_ok"": false, ""dropbox_error"": ""BadInputError('33d55b95be4448b39e8f7e64695263ee', 'Error in call to API function \""users/get_current_account\"": This API function operates on a single Dropbox account, but the OAuth 2 access token you provided is for an entire Dropbox Business team.  Since your API app key has team member file access permissions, you can operate on a team member\\'s Dropbox by providing the \""Dropbox-API-Select-User\"" HTTP header or \""select_user\"" URL parameter to specify the exact user <https://www.dropbox.com/developers/documentation/http/teams>.')"", ""customer_email"": ""likithjayaramgowda@gmail.com"", ""_sections"": [{""rows"": [{""label"": ""First Name"", ""value"": ""Likith""}, {""label"": ""Last Name"", ""value"": ""Jayaram Gowda""}, {""label"": ""Phone Number"", ""value"": ""01748856263""}, {""label"": ""Email Address"", ""value"": ""likithjayaramgowda@gmail.com""}, {""label"": ""Address"", ""value"": ""Damerowstraße 14, C/o Balan""}], ""title"": ""Form Details""}, {""rows"": [{""label"": ""Product Name"", ""value"": ""Habsb""}, {""label"": ""Product Size"", ""value"": """"}, {""label"": ""LOT / Serial Number"", ""value"": ""Svsv""}, {""label"": ""Quantity"", ""value"": """"}, {""label"": ""Purchased From (Distributor)"", ""value"": ""Hsbs""}, {""label"": ""Country"", ""value"": ""Hzhsv""}], ""title"": ""Product Information""}, {""rows"": [{""label"": ""Complaint Type"", ""value"": ""Packaging Issue""}, {""label"": ""Complaint Description"", ""value"": """"}, {""label"": ""Additional Information"", ""value"": """"}, {""label"": ""Primary Solution (If Provided)"", ""value"": ""No""}, {""label"": ""Comments On Solution"", ""value"": """"}], ""title"": ""Complaint Details""}, {""rows"": [{""label"": ""Should this complaint be reported to authorities?"", ""value"": ""No""}], ""title"": ""Regulatory Trigger""}]}"
CC2025-16,2025-12-29T11:16:06.405Z,2025-12-29T12:34:05.539758+00:00,"lab@redentnova.de, raz.flieshman@redentnova.de, likithjayaramgowda@gmail.com",likithjayaramgowda@gmail.com,Hzhsv,Habsb,Svsv,Packaging Issue,CC2025-16.pdf,,,,"{""complaint_id"": ""RN-20251229-1216"", ""email_to"": [""lab@redentnova.de"", ""likithjayaramgowda@gmail.com""], ""sections"": [{""rows"": [{""label"": ""First Name"", ""value"": ""Likith""}, {""label"": ""Last Name"", ""value"": ""Jayaram Gowda""}, {""label"": ""Phone Number"", ""value"": ""01748856263""}, {""label"": ""Email Address"", ""value"": ""likithjayaramgowda@gmail.com""}, {""label"": ""Address"", ""value"": ""Damerowstraße 14, C/o Balan""}], ""title"": ""Form Details""}, {""rows"": [{""label"": ""Product Name"", ""value"": ""Habsb""}, {""label"": ""Product Size"", ""value"": """"}, {""label"": ""LOT / Serial Number"", ""value"": ""Svsv""}, {""label"": ""Quantity"", ""value"": """"}, {""label"": ""Purchased From (Distributor)"", ""value"": ""Hsbs""}, {""label"": ""Country"", ""value"": ""Hzhsv""}], ""title"": ""Product Information""}, {""rows"": [{""label"": ""Complaint Type"", ""value"": ""Packaging Issue""}, {""label"": ""Complaint Description"", ""value"": """"}, {""label"": ""Additional Information"", ""value"": """"}, {""label"": ""Primary Solution (If Provided)"", ""value"": ""No""}, {""label"": ""Comments On Solution"", ""value"": """"}], ""title"": ""Complaint Details""}, {""rows"": [{""label"": ""Should this complaint be reported to authorities?"", ""value"": ""No""}], ""title"": ""Regulatory Trigger""}], ""submission_id"": ""RN-20251229-1216"", ""submission_timestamp"": ""2025-12-29T11:16:06.405Z"", ""mail_ok"": true, ""mail_error"": """", ""dropbox_ok"": false, ""dropbox_error"": ""Team-scoped Dropbox token detected. Set DROPBOX_TEAM_MEMBER_ID secret (example: dbmid:xxxxxxxxxxxxxx) to choose the target team member."", ""customer_email"": ""likithjayaramgowda@gmail.com"", ""_sections"": [{""rows"": [{""label"": ""First Name"", ""value"": ""Likith""}, {""label"": ""Last Name"", ""value"": ""Jayaram Gowda""}, {""label"": ""Phone Number"", ""value"": ""01748856263""}, {""label"": ""Email Address"", ""value"": ""likithjayaramgowda@gmail.com""}, {""label"": ""Address"", ""value"": ""Damerowstraße 14, C/o Balan""}], ""title"": ""Form Details""}, {""rows"": [{""label"": ""Product Name"", ""value"": ""Habsb""}, {""label"": ""Product Size"", ""value"": """"}, {""label"": ""LOT / Serial Number"", ""value"": ""Svsv""}, {""label"": ""Quantity"", ""value"": """"}, {""label"": ""Purchased From (Distributor)"", ""value"": ""Hsbs""}, {""label"": ""Country"", ""value"": ""Hzhsv""}], ""title"": ""Product Information""}, {""rows"": [{""label"": ""Complaint Type"", ""value"": ""Packaging Issue""}, {""label"": ""Complaint Description"", ""value"": """"}, {""label"": ""Additional Information"", ""value"": """"}, {""label"": ""Primary Solution (If Provided)"", ""value"": ""No""}, {""label"": ""Comments On Solution"", ""value"": """"}], ""title"": ""Complaint Details""}, {""rows"": [{""label"": ""Should this complaint be reported to authorities?"", ""value"": ""No""}], ""title"": ""Regulatory Trigger""}]}"
CC2025-17,2025-12-29T11:16:06.405Z,2025-12-29T12:37:31.910110+00:00,"lab@redentnova.de, raz.flieshman@redentnova.de, likithjayaramgowda@gmail.com",likithjayaramgowda@gmail.com,Hzhsv,Habsb,Svsv,Packaging Issue,CC2025-17.pdf,,,,"{""complaint_id"": ""RN-20251229-1216"", ""email_to"": [""lab@redentnova.de"", ""likithjayaramgowda@gmail.com""], ""sections"": [{""rows"": [{""label"": ""First Name"", ""value"": ""Likith""}, {""label"": ""Last Name"", ""value"": ""Jayaram Gowda""}, {""label"": ""Phone Number"", ""value"": ""01748856263""}, {""label"": ""Email Address"", ""value"": ""likithjayaramgowda@gmail.com""}, {""label"": ""Address"", ""value"": ""Damerowstraße 14, C/o Balan""}], ""title"": ""Form Details""}, {""rows"": [{""label"": ""Product Name"", ""value"": ""Habsb""}, {""label"": ""Product Size"", ""value"": """"}, {""label"": ""LOT / Serial Number"", ""value"": ""Svsv""}, {""label"": ""Quantity"", ""value"": """"}, {""label"": ""Purchased From (Distributor)"", ""value"": ""Hsbs""}, {""label"": ""Country"", ""value"": ""Hzhsv""}], ""title"": ""Product Information""}, {""rows"": [{""label"": ""Complaint Type"", ""value"": ""Packaging Issue""}, {""label"": ""Complaint Description"", ""value"": """"}, {""label"": ""Additional Information"", ""value"": """"}, {""label"": ""Primary Solution (If Provided)"", ""value"": ""No""}, {""label"": ""Comments On Solution"", ""value"": """"}], ""title"": ""Complaint Details""}, {""rows"": [{""label"": ""Should this complaint be reported to authorities?"", ""value"": ""No""}], ""title"": ""Regulatory Trigger""}], ""submission_id"": ""RN-20251229-1216"", ""submission_timestamp"": ""2025-12-29T11:16:06.405Z"", ""mail_ok"": true, ""mail_error"": """", ""dropbox_ok"": false, ""dropbox_error"": ""BadInputError('5d381f11dd41437189993c606952760b', 'Error in call to API function \""files/get_metadata\"": This API function operates on a single Dropbox account, but the OAuth 2 access token you provided is for an entire Dropbox Business team.  Since your API app key has team member file access permissions, you can operate on a team member\\'s Dropbox by providing the \""Dropbox-API-Select-User\"" HTTP header or \""select_user\"" URL parameter to specify the exact user <https://www.dropbox.com/developers/documentation/http/teams>.')"", ""customer_email"": ""likithjayaramgowda@gmail.com"", ""_sections"": [{""rows"": [{""label"": ""First Name"", ""value"": ""Likith""}, {""label"": ""Last Name"", ""value"": ""Jayaram Gowda""}, {""label"": ""Phone Number"", ""value"": ""01748856263""}, {""label"": ""Email Address"", ""value"": ""likithjayaramgowda@gmail.com""}, {""label"": ""Address"", ""value"": ""Damerowstraße 14, C/o Balan""}], ""title"": ""Form Details""}, {""rows"": [{""label"": ""Product Name"", ""value"": ""Habsb""}, {""label"": ""Product Size"", ""value"": """"}, {""label"": ""LOT / Serial Number"", ""value"": ""Svsv""}, {""label"": ""Quantity"", ""value"": """"}, {""label"": ""Purchased From (Distributor)"", ""value"": ""Hsbs""}, {""label"": ""Country"", ""value"": ""Hzhsv""}], ""title"": ""Product Information""}, {""rows"": [{""label"": ""Complaint Type"", ""value"": ""Packaging Issue""}, {""label"": ""Complaint Description"", ""value"": """"}, {""label"": ""Additional Information"", ""value"": """"}, {""label"": ""Primary Solution (If Provided)"", ""value"": ""No""}, {""label"": ""Comments On Solution"", ""value"": """"}], ""title"": ""Complaint Details""}, {""rows"": [{""label"": ""Should this complaint be reported to authorities?"", ""value"": ""No""}], ""title"": ""Regulatory Trigger""}]}"
CC2025-18,2025-12-29T11:16:06.405Z,2025-12-29T12:42:03.070793+00:00,"lab@redentnova.de, raz.flieshman@redentnova.de, likithjayaramgowda@gmail.com",likithjayaramgowda@gmail.com,Hzhsv,Habsb,Svsv,Packaging Issue,CC2025-18.pdf,,,,"{""complaint_id"": ""RN-20251229-1216"", ""email_to"": [""lab@redentnova.de"", ""likithjayaramgowda@gmail.com""], ""sections"": [{""rows"": [{""label"": ""First Name"", ""value"": ""Likith""}, {""label"": ""Last Name"", ""value"": ""Jayaram Gowda""}, {""label"": ""Phone Number"", ""value"": ""01748856263""}, {""label"": ""Email Address"", ""value"": ""likithjayaramgowda@gmail.com""}, {""label"": ""Address"", ""value"": ""Damerowstraße 14, C/o Balan""}], ""title"": ""Form Details""}, {""rows"": [{""label"": ""Product Name"", ""value"": ""Habsb""}, {""label"": ""Product Size"", ""value"": """"}, {""label"": ""LOT / Serial Number"", ""value"": ""Svsv""}, {""label"": ""Quantity"", ""value"": """"}, {""label"": ""Purchased From (Distributor)"", ""value"": ""Hsbs""}, {""label"": ""Country"", ""value"": ""Hzhsv""}], ""title"": ""Product Information""}, {""rows"": [{""label"": ""Complaint Type"", ""value"": ""Packaging Issue""}, {""label"": ""Complaint Description"", ""value"": """"}, {""label"": ""Additional Information"", ""value"": """"}, {""label"": ""Primary Solution (If Provided)"", ""value"": ""No""}, {""label"": ""Comments On Solution"", ""value"": """"}], ""title"": ""Complaint Details""}, {""rows"": [{""label"": ""Should this complaint be reported to authorities?"", ""value"": ""No""}], ""title"": ""Regulatory Trigger""}], ""submission_id"": ""RN-20251229-1216"", ""submission_timestamp"": ""2025-12-29T11:16:06.405Z"", ""mail_ok"": true, ""mail_error"": """", ""dropbox_ok"": false, ""dropbox_error"": ""BadInputError('303ac62517fc4ba3bb0138376952771a', 'Error in call to API function \""files/get_metadata\"": This API function operates on a single Dropbox account, but the OAuth 2 access token you provided is for an entire Dropbox Business team.  Since your API app key has team member file access permissions, you can operate on a team member\\'s Dropbox by providing the \""Dropbox-API-Select-User\"" HTTP header or \""select_user\"" URL parameter to specify the exact user <https://www.dropbox.com/developers/documentation/http/teams>.')"", ""customer_email"": ""likithjayaramgowda@gmail.com"", ""_sections"": [{""rows"": [{""label"": ""First Name"", ""value"": ""Likith""}, {""label"": ""Last Name"", ""value"": ""Jayaram Gowda""}, {""label"": ""Phone Number"", ""value"": ""01748856263""}, {""label"": ""Email Address"", ""value"": ""likithjayaramgowda@gmail.com""}, {""label"": ""Address"", ""value"": ""Damerowstraße 14, C/o Balan""}], ""title"": ""Form Details""}, {""rows"": [{""label"": ""Product Name"", ""value"": ""Habsb""}, {""label"": ""Product Size"", ""value"": """"}, {""label"": ""LOT / Serial Number"", ""value"": ""Svsv""}, {""label"": ""Quantity"", ""value"": """"}, {""label"": ""Purchased From (Distributor)"", ""value"": ""Hsbs""}, {""label"": ""Country"", ""value"": ""Hzhsv""}], ""title"": ""Product Information""}, {""rows"": [{""label"": ""Complaint Type"", ""value"": ""Packaging Issue""}, {""label"": ""Complaint Description"", ""value"": """"}, {""label"": ""Additional Information"", ""value"": """"}, {""label"": ""Primary Solution (If Provided)"", ""value"": ""No""}, {""label"": ""Comments On Solution"", ""value"": """"}], ""title"": ""Complaint Details""}, {""rows"": [{""label"": ""Should this complaint be reported to authorities?"", ""value"": ""No""}], ""title"": ""Regulatory Trigger""}]}"
CC2025-19,2025-12-29T12:47:40.597Z,2025-12-29T12:48:01.145672+00:00,"lab@redentnova.de, raz.flieshman@redentnova.de, likithgowdru234@gmail.com",likithgowdru234@gmail.com,Hsbs,Zvz,S d,Quality Issue,CC2025-19.pdf,,,,"{""complaint_id"": ""RN-20251229-1347"", ""email_to"": [""lab@redentnova.de"", ""likithgowdru234@gmail.com""], ""sections"": [{""rows"": [{""label"": ""First Name"", ""value"": ""Likith""}, {""label"": ""Last Name"", ""value"": ""Jayaram Gowda""}, {""label"": ""Phone Number"", ""value"": ""01748856263""}, {""label"": ""Email Address"", ""value"": ""likithgowdru234@gmail.com""}, {""label"": ""Address"", ""value"": ""Damerowstraße 14\n3rd Floor C/O Balan""}], ""title"": ""Form Details""}, {""rows"": [{""label"": ""Product Name"", ""value"": "" Zvz""}, {""label"": ""Product Size"", ""value"": """"}, {""label"": ""LOT / Serial Number"", ""value"": "" S d""}, {""label"": ""Quantity"", ""value"": """"}, {""label"": ""Purchased From (Distributor)"", ""value"": ""Yshdb""}, {""label"": ""Country"", ""value"": ""Hsbs""}], ""title"": ""Product Information""}, {""rows"": [{""label"": ""Complaint Type"", ""value"": ""Quality Issue""}, {""label"": ""Complaint Description"", ""value"": """"}, {""label"": ""Additional Information"", ""value"": """"}, {""label"": ""Primary Solution (If Provided)"", ""value"": ""No""}, {""label"": ""Comments On Solution"", ""value"": """"}], ""title"": ""Complaint Details""}, {""rows"": [{""label"": ""Should this complaint be reported to authorities?"", ""value"": ""No""}], ""title"": ""Regulatory Trigger""}], ""submission_id"": ""RN-20251229-1347"", ""submission_timestamp"": ""2025-12-29T12:47:40.597Z"", ""mail_ok"": true, ""mail_error"": """", ""dropbox_ok"": false, ""dropbox_error"": ""BadInputError('ff2b02516e7b473ba436df7269527881', 'Error in call to API function \""files/get_metadata\"": This API function operates on a single Dropbox account, but the OAuth 2 access token you provided is for an entire Dropbox Business team.  Since your API app key has team member file access permissions, you can operate on a team member\\'s Dropbox by providing the \""Dropbox-API-Select-User\"" HTTP header or \""select_user\"" URL parameter to specify the exact user <https://www.dropbox.com/developers/documentation/http/teams>.')"", ""customer_email"": ""likithgowdru234@gmail.com"", ""_sections"": [{""rows"": [{""label"": ""First Name"", ""value"": ""Likith""}, {""label"": ""Last Name"", ""value"": ""Jayaram Gowda""}, {""label"": ""Phone Number"", ""value"": ""01748856263""}, {""label"": ""Email Address"", ""value"": ""likithgowdru234@gmail.com""}, {""label"": ""Address"", ""value"": ""Damerowstraße 14\n3rd Floor C/O Balan""}], ""title"": ""Form Details""}, {""rows"": [{""label"": ""Product Name"", ""value"": "" Zvz""}, {""label"": ""Product Size"", ""value"": """"}, {""label"": ""LOT / Serial Number"", ""value"": "" S d""}, {""label"": ""Quantity"", ""value"": """"}, {""label"": ""Purchased From (Distributor)"", ""value"": ""Yshdb""}, {""label"": ""Country"", ""value"": ""Hsbs""}], ""title"": ""Product Information""}, {""rows"": [{""label"": ""Complaint Type"", ""value"": ""Quality Issue""}, {""label"": ""Complaint Description"", ""value"": """"}, {""label"": ""Additional Information"", ""value"": """"}, {""label"": ""Primary Solution (If Provided)"", ""value"": ""No""}, {""label"": ""Comments On Solution"", ""value"": """"}], ""title"": ""Complaint Details""}, {""rows"": [{""label"": ""Should this complaint be reported to authorities?"", ""value"": ""No""}], ""title"": ""Regulatory Trigger""}]}"
CC2025-20,2025-12-29T12:47:40.597Z,2025-12-29T12:52:07.451426+00:00,"lab@redentnova.de, raz.flieshman@redentnova.de, likithgowdru234@gmail.com",likithgowdru234@gmail.com,Hsbs,Zvz,S d,Quality Issue,CC2025-20.pdf,,,,"{""complaint_id"": ""RN-20251229-1347"", ""email_to"": [""lab@redentnova.de"", ""likithgowdru234@gmail.com""], ""sections"": [{""rows"": [{""label"": ""First Name"", ""value"": ""Likith""}, {""label"": ""Last Name"", ""value"": ""Jayaram Gowda""}, {""label"": ""Phone Number"", ""value"": ""01748856263""}, {""label"": ""Email Address"", ""value"": ""likithgowdru234@gmail.com""}, {""label"": ""Address"", ""value"": ""Damerowstraße 14\n3rd Floor C/O Balan""}], ""title"": ""Form Details""}, {""rows"": [{""label"": ""Product Name"", ""value"": "" Zvz""}, {""label"": ""Product Size"", ""value"": """"}, {""label"": ""LOT / Serial Number"", ""value"": "" S d""}, {""label"": ""Quantity"", ""value"": """"}, {""label"": ""Purchased From (Distributor)"", ""value"": ""Yshdb""}, {""label"": ""Country"", ""value"": ""Hsbs""}], ""title"": ""Product Information""}, {""rows"": [{""label"": ""Complaint Type"", ""value"": ""Quality Issue""}, {""label"": ""Complaint Description"", ""value"": """"}, {""label"": ""Additional Information"", ""value"": """"}, {""label"": ""Primary Solution (If Provided)"", ""value"": ""No""}, {""label"": ""Comments On Solution"", ""value"": """"}], ""title"": ""Complaint Details""}, {""rows"": [{""label"": ""Should this complaint be reported to authorities?"", ""value"": ""No""}], ""title"": ""Regulatory Trigger""}], ""submission_id"": ""RN-20251229-1347"", ""submission_timestamp"": ""2025-12-29T12:47:40.597Z"", ""mail_ok"": true, ""mail_error"": """", ""dropbox_ok"": false, ""dropbox_error"": ""BadInputError('adc28c1e0ce14a9bbd617b2b69527977', 'Error in call to API function \""files/get_metadata\"": This API function operates on a single Dropbox account, but the OAuth 2 access token you provided is for an entire Dropbox Business team.  Since your API app key has team member file access permissions, you can operate on a team member\\'s Dropbox by providing the \""Dropbox-API-Select-User\"" HTTP header or \""select_user\"" URL parameter to specify the exact user <https://www.dropbox.com/developers/documentation/http/teams>.')"", ""customer_email"": ""likithgowdru234@gmail.com"", ""_sections"": [{""rows"": [{""label"": ""First Name"", ""value"": ""Likith""}, {""label"": ""Last Name"", ""value"": ""Jayaram Gowda""}, {""label"": ""Phone Number"", ""value"": ""01748856263""}, {""label"": ""Email Address"", ""value"": ""likithgowdru234@gmail.com""}, {""label"": ""Address"", ""value"": ""Damerowstraße 14\n3rd Floor C/O Balan""}], ""title"": ""Form Details""}, {""rows"": [{""label"": ""Product Name"", ""value"": "" Zvz""}, {""label"": ""Product Size"", ""value"": """"}, {""label"": ""LOT / Serial Number"", ""value"": "" S d""}, {""label"": ""Quantity"", ""value"": """"}, {""label"": ""Purchased From (Distributor)"", ""value"": ""Yshdb""}, {""label"": ""Country"", ""value"": ""Hsbs""}], ""title"": ""Product Information""}, {""rows"": [{""label"": ""Complaint Type"", ""value"": ""Quality Issue""}, {""label"": ""Complaint Description"", ""value"": """"}, {""label"": ""Additional Information"", ""value"": """"}, {""label"": ""Primary Solution (If Provided)"", ""value"": ""No""}, {""label"": ""Comments On Solution"", ""value"": """"}], ""title"": ""Complaint Details""}, {""rows"": [{""label"": ""Should this complaint be reported to authorities?"", ""value"": ""No""}], ""title"": ""Regulatory Trigger""}]}"
CC2025-21,2025-12-29T12:47:40.597Z,2025-12-29T13:58:28.225614+00:00,"lab@redentnova.de, raz.flieshman@redentnova.de, likithgowdru234@gmail.com",likithgowdru234@gmail.com,Hsbs,Zvz,S d,Quality Issue,CC2025-21.pdf,,,,"{""complaint_id"": ""RN-20251229-1347"", ""email_to"": [""lab@redentnova.de"", ""likithgowdru234@gmail.com""], ""sections"": [{""rows"": [{""label"": ""First Name"", ""value"": ""Likith""}, {""label"": ""Last Name"", ""value"": ""Jayaram Gowda""}, {""label"": ""Phone Number"", ""value"": ""01748856263""}, {""label"": ""Email Address"", ""value"": ""likithgowdru234@gmail.com""}, {""label"": ""Address"", ""value"": ""Damerowstraße 14\n3rd Floor C/O Balan""}], ""title"": ""Form Details""}, {""rows"": [{""label"": ""Product Name"", ""value"": "" Zvz""}, {""label"": ""Product Size"", ""value"": """"}, {""label"": ""LOT / Serial Number"", ""value"": "" S d""}, {""label"": ""Quantity"", ""value"": """"}, {""label"": ""Purchased From (Distributor)"", ""value"": ""Yshdb""}, {""label"": ""Country"", ""value"": ""Hsbs""}], ""title"": ""Product Information""}, {""rows"": [{""label"": ""Complaint Type"", ""value"": ""Quality Issue""}, {""label"": ""Complaint Description"", ""value"": """"}, {""label"": ""Additional Information"", ""value"": """"}, {""label"": ""Primary Solution (If Provided)"", ""value"": ""No""}, {""label"": ""Comments On Solution"", ""value"": """"}], ""title"": ""Complaint Details""}, {""rows"": [{""label"": ""Should this complaint be reported to authorities?"", ""value"": ""No""}], ""title"": ""Regulatory Trigger""}], ""submission_id"": ""RN-20251229-1347"", ""submission_timestamp"": ""2025-12-29T12:47:40.597Z"", ""mail_ok"": true, ""mail_error"": """", ""dropbox_ok"": false, ""dropbox_error"": ""Team-scoped Dropbox token detected. Set DROPBOX_TEAM_MEMBER_ID (dbmid:...) to choose the target team member."", ""customer_email"": ""likithgowdru234@gmail.com"", ""_sections"": [{""rows"": [{""label"": ""First Name"", ""value"": ""Likith""}, {""label"": ""Last Name"", ""value"": ""Jayaram Gowda""}, {""label"": ""Phone Number"", ""value"": ""01748856263""}, {""label"": ""Email Address"", ""value"": ""likithgowdru234@gmail.com""}, {""label"": ""Address"", ""value"": ""Damerowstraße 14\n3rd Floor C/O Balan""}], ""title"": ""Form Details""}, {""rows"": [{""label"": ""Product Name"", ""value"": "" Zvz""}, {""label"": ""Product Size"", ""value"": """"}, {""label"": ""LOT / Serial Number"", ""value"": "" S d""}, {""label"": ""Quantity"", ""value"": """"}, {""label"": ""Purchased From (Distributor)"", ""value"": ""Yshdb""}, {""label"": ""Country"", ""value"": ""Hsbs""}], ""title"": ""Product Information""}, {""rows"": [{""label"": ""Complaint Type"", ""value"": ""Quality Issue""}, {""label"": ""Complaint Description"", ""value"": """"}, {""label"": ""Additional Information"", ""value"": """"}, {""label"": ""Primary Solution (If Provided)"", ""value"": ""No""}, {""label"": ""Comments On Solution"", ""value"": """"}], ""title"": ""Complaint Details""}, {""rows"": [{""label"": ""Should this complaint be reported to authorities?"", ""value"": ""No""}], ""title"": ""Regulatory Trigger""}]}"
CC2025-22,2025-12-29T12:47:40.597Z,2025-12-29T14:03:50.502734+00:00,"lab@redentnova.de, raz.flieshman@redentnova.de, likithgowdru234@gmail.com",likithgowdru234@gmail.com,Hsbs,Zvz,S d,Quality Issue,CC2025-22.pdf,,,,"{""complaint_id"": ""RN-20251229-1347"", ""email_to"": [""lab@redentnova.de"", ""likithgowdru234@gmail.com""], ""sections"": [{""rows"": [{""label"": ""First Name"", ""value"": ""Likith""}, {""label"": ""Last Name"", ""value"": ""Jayaram Gowda""}, {""label"": ""Phone Number"", ""value"": ""01748856263""}, {""label"": ""Email Address"", ""value"": ""likithgowdru234@gmail.com""}, {""label"": ""Address"", ""value"": ""Damerowstraße 14\n3rd Floor C/O Balan""}], ""title"": ""Form Details""}, {""rows"": [{""label"": ""Product Name"", ""value"": "" Zvz""}, {""label"": ""Product Size"", ""value"": """"}, {""label"": ""LOT / Serial Number"", ""value"": "" S d""}, {""label"": ""Quantity"", ""value"": """"}, {""label"": ""Purchased From (Distributor)"", ""value"": ""Yshdb""}, {""label"": ""Country"", ""value"": ""Hsbs""}], ""title"": ""Product Information""}, {""rows"": [{""label"": ""Complaint Type"", ""value"": ""Quality Issue""}, {""label"": ""Complaint Description"", ""value"": """"}, {""label"": ""Additional Information"", ""value"": """"}, {""label"": ""Primary Solution (If Provided)"", ""value"": ""No""}, {""label"": ""Comments On Solution"", ""value"": """"}], ""title"": ""Complaint Details""}, {""rows"": [{""label"": ""Should this complaint be reported to authorities?"", ""value"": ""No""}], ""title"": ""Regulatory Trigger""}], ""submission_id"": ""RN-20251229-1347"", ""submission_timestamp"": ""2025-12-29T12:47:40.597Z"", ""mail_ok"": true, ""mail_error"": """", ""dropbox_ok"": false, ""dropbox_error"": ""BadInputError('aedf44bdfc76431f94ec860c69528a46', 'Error in call to API function \""files/upload\"": This API function operates on a single Dropbox account, but the OAuth 2 access token you provided is for an entire Dropbox Business team.  Since your API app key has team member file access permissions, you can operate on a team member\\'s Dropbox by providing the \""Dropbox-API-Select-User\"" HTTP header or \""select_user\"" URL parameter to specify the exact user <https://www.dropbox.com/developers/documentation/http/teams>.')"", ""customer_email"": ""likithgowdru234@gmail.com"", ""_sections"": [{""rows"": [{""label"": ""First Name"", ""value"": ""Likith""}, {""label"": ""Last Name"", ""value"": ""Jayaram Gowda""}, {""label"": ""Phone Number"", ""value"": ""01748856263""}, {""label"": ""Email Address"", ""value"": ""likithgowdru234@gmail.com""}, {""label"": ""Address"", ""value"": ""Damerowstraße 14\n3rd Floor C/O Balan""}], ""title"": ""Form Details""}, {""rows"": [{""label"": ""Product Name"", ""value"": "" Zvz""}, {""label"": ""Product Size"", ""value"": """"}, {""label"": ""LOT / Serial Number"", ""value"": "" S d""}, {""label"": ""Quantity"", ""value"": """"}, {""label"": ""Purchased From (Distributor)"", ""value"": ""Yshdb""}, {""label"": ""Country"", ""value"": ""Hsbs""}], ""title"": ""Product Information""}, {""rows"": [{""label"": ""Complaint Type"", ""value"": ""Quality Issue""}, {""label"": ""Complaint Description"", ""value"": """"}, {""label"": ""Additional Information"", ""value"": """"}, {""label"": ""Primary Solution (If Provided)"", ""value"": ""No""}, {""label"": ""Comments On Solution"", ""value"": """"}], ""title"": ""Complaint Details""}, {""rows"": [{""label"": ""Should this complaint be reported to authorities?"", ""value"": ""No""}], ""title"": ""Regulatory Trigger""}]}"
CC2025-23,2025-12-29T12:47:40.597Z,2025-12-29T14:23:01.822214+00:00,"lab@redentnova.de, raz.flieshman@redentnova.de, likithgowdru234@gmail.com",likithgowdru234@gmail.com,Hsbs,Zvz,S d,Quality Issue,CC2025-23.pdf,/Redent Team Folder/Customer Complaints/New CC procedure/00_inspection & repair report (Avi)/CC2025-23.pdf,https://www.dropbox.com/scl/fi/umxbsgwj5douii73augar/CC2025-23.pdf?rlkey=qtmtq66u3f1vsy5asb53nfeag&dl=0,,"{""complaint_id"": ""RN-20251229-1347"", ""email_to"": [""lab@redentnova.de"", ""likithgowdru234@gmail.com""], ""sections"": [{""rows"": [{""label"": ""First Name"", ""value"": ""Likith""}, {""label"": ""Last Name"", ""value"": ""Jayaram Gowda""}, {""label"": ""Phone Number"", ""value"": ""01748856263""}, {""label"": ""Email Address"", ""value"": ""likithgowdru234@gmail.com""}, {""label"": ""Address"", ""value"": ""Damerowstraße 14\n3rd Floor C/O Balan""}], ""title"": ""Form Details""}, {""rows"": [{""label"": ""Product Name"", ""value"": "" Zvz""}, {""label"": ""Product Size"", ""value"": """"}, {""label"": ""LOT / Serial Number"", ""value"": "" S d""}, {""label"": ""Quantity"", ""value"": """"}, {""label"": ""Purchased From (Distributor)"", ""value"": ""Yshdb""}, {""label"": ""Country"", ""value"": ""Hsbs""}], ""title"": ""Product Information""}, {""rows"": [{""label"": ""Complaint Type"", ""value"": ""Quality Issue""}, {""label"": ""Complaint Description"", ""value"": """"}, {""label"": ""Additional Information"", ""value"": """"}, {""label"": ""Primary Solution (If Provided)"", ""value"": ""No""}, {""label"": ""Comments On Solution"", ""value"": """"}], ""title"": ""Complaint Details""}, {""rows"": [{""label"": ""Should this complaint be reported to authorities?"", ""value"": ""No""}], ""title"": ""Regulatory Trigger""}], ""submission_id"": ""RN-20251229-1347"", ""submission_timestamp"": ""2025-12-29T12:47:40.597Z"", ""mail_ok"": true, ""mail_error"": """", ""dropbox_ok"": true, ""dropbox_error"": """", ""customer_email"": ""likithgowdru234@gmail.com"", ""_sections"": [{""rows"": [{""label"": ""First Name"", ""value"": ""Likith""}, {""label"": ""Last Name"", ""value"": ""Jayaram Gowda""}, {""label"": ""Phone Number"", ""value"": ""01748856263""}, {""label"": ""Email Address"", ""value"": ""likithgowdru234@gmail.com""}, {""label"": ""Address"", ""value"": ""Damerowstraße 14\n3rd Floor C/O Balan""}], ""title"": ""Form Details""}, {""rows"": [{""label"": ""Product Name"", ""value"": "" Zvz""}, {""label"": ""Product Size"", ""value"": """"}, {""label"": ""LOT / Serial Number"", ""value"": "" S d""}, {""label"": ""Quantity"", ""value"": """"}, {""label"": ""Purchased From (Distributor)"", ""value"": ""Yshdb""}, {""label"": ""Country"", ""value"": ""Hsbs""}], ""title"": ""Product Information""}, {""rows"": [{""label"": ""Complaint Type"", ""value"": ""Quality Issue""}, {""label"": ""Complaint Description"", ""value"": """"}, {""label"": ""Additional Information"", ""value"": """"}, {""label"": ""Primary Solution (If Provided)"", ""value"": ""No""}, {""label"": ""Comments On Solution"", ""value"": """"}], ""title"": ""Complaint Details""}, {""rows"": [{""label"": ""Should this complaint be reported to authorities?"", ""value"": ""No""}], ""title"": ""Regulatory Trigger""}]}"
CC2025-24,2025-12-29T12:47:40.597Z,2025-12-29T14:46:20.819372+00:00,"lab@redentnova.de, raz.flieshman@redentnova.de, likithgowdru234@gmail.com",likithgowdru234@gmail.com,Hsbs,Zvz,S d,Quality Issue,CC2025-24.pdf,,,,"{""complaint_id"": ""RN-20251229-1347"", ""email_to"": [""lab@redentnova.de"", ""likithgowdru234@gmail.com""], ""sections"": [{""rows"": [{""label"": ""First Name"", ""value"": ""Likith""}, {""label"": ""Last Name"", ""value"": ""Jayaram Gowda""}, {""label"": ""Phone Number"", ""value"": ""01748856263""}, {""label"": ""Email Address"", ""value"": ""likithgowdru234@gmail.com""}, {""label"": ""Address"", ""value"": ""Damerowstraße 14\n3rd Floor C/O Balan""}], ""title"": ""Form Details""}, {""rows"": [{""label"": ""Product Name"", ""value"": "" Zvz""}, {""label"": ""Product Size"", ""value"": """"}, {""label"": ""LOT / Serial Number"", ""value"": "" S d""}, {""label"": ""Quantity"", ""value"": """"}, {""label"": ""Purchased From (Distributor)"", ""value"": ""Yshdb""}, {""label"": ""Country"", ""value"": ""Hsbs""}], ""title"": ""Product Information""}, {""rows"": [{""label"": ""Complaint Type"", ""value"": ""Quality Issue""}, {""label"": ""Complaint Description"", ""value"": """"}, {""label"": ""Additional Information"", ""value"": """"}, {""label"": ""Primary Solution (If Provided)"", ""value"": ""No""}, {""label"": ""Comments On Solution"", ""value"": """"}], ""title"": ""Complaint Details""}, {""rows"": [{""label"": ""Should this complaint be reported to authorities?"", ""value"": ""No""}], ""title"": ""Regulatory Trigger""}], ""submission_id"": ""RN-20251229-1347"", ""submission_timestamp"": ""2025-12-29T12:47:40.597Z"", ""mail_ok"": true, ""mail_error"": """", ""dropbox_ok"": false, ""dropbox_error"": ""_DropboxTransport.__init__() got an unexpected keyword argument 'path_root'"", ""customer_email"": ""likithgowdru234@gmail.com"", ""_sections"": [{""rows"": [{""label"": ""First Name"", ""value"": ""Likith""}, {""label"": ""Last Name"", ""value"": ""Jayaram Gowda""}, {""label"": ""Phone Number"", ""value"": ""01748856263""}, {""label"": ""Email Address"", ""value"": ""likithgowdru234@gmail.com""}, {""label"": ""Address"", ""value"": ""Damerowstraße 14\n3rd Floor C/O Balan""}], ""title"": ""Form Details""}, {""rows"": [{""label"": ""Product Name"", ""value"": "" Zvz""}, {""label"": ""Product Size"", ""value"": """"}, {""label"": ""LOT / Serial Number"", ""value"": "" S d""}, {""label"": ""Quantity"", ""value"": """"}, {""label"": ""Purchased From (Distributor)"", ""value"": ""Yshdb""}, {""label"": ""Country"", ""value"": ""Hsbs""}], ""title"": ""Product Information""}, {""rows"": [{""label"": ""Complaint Type"", ""value"": ""Quality Issue""}, {""label"": ""Complaint Description"", ""value"": """"}, {""label"": ""Additional Information"", ""value"": """"}, {""label"": ""Primary Solution (If Provided)"", ""value"": ""No""}, {""label"": ""Comments On Solution"", ""value"": """"}], ""title"": ""Complaint Details""}, {""rows"": [{""label"": ""Should this complaint be reported to authorities?"", ""value"": ""No""}], ""title"": ""Regulatory Trigger""}]}"
CC2025-25,2025-12-29T12:47:40.597Z,2025-12-29T14:50:35.073642+00:00,"lab@redentnova.de, raz.flieshman@redentnova.de, likithgowdru234@gmail.com",likithgowdru234@gmail.com,Hsbs,Zvz,S d,Quality Issue,CC2025-25.pdf,,,,"{""complaint_id"": ""RN-20251229-1347"", ""email_to"": [""lab@redentnova.de"", ""likithgowdru234@gmail.com""], ""sections"": [{""rows"": [{""label"": ""First Name"", ""value"": ""Likith""}, {""label"": ""Last Name"", ""value"": ""Jayaram Gowda""}, {""label"": ""Phone Number"", ""value"": ""01748856263""}, {""label"": ""Email Address"", ""value"": ""likithgowdru234@gmail.com""}, {""label"": ""Address"", ""value"": ""Damerowstraße 14\n3rd Floor C/O Balan""}], ""title"": ""Form Details""}, {""rows"": [{""label"": ""Product Name"", ""value"": "" Zvz""}, {""label"": ""Product Size"", ""value"": """"}, {""label"": ""LOT / Serial Number"", ""value"": "" S d""}, {""label"": ""Quantity"", ""value"": """"}, {""label"": ""Purchased From (Distributor)"", ""value"": ""Yshdb""}, {""label"": ""Country"", ""value"": ""Hsbs""}], ""title"": ""Product Information""}, {""rows"": [{""label"": ""Complaint Type"", ""value"": ""Quality Issue""}, {""label"": ""Complaint Description"", ""value"": """"}, {""label"": ""Additional Information"", ""value"": """"}, {""label"": ""Primary Solution (If Provided)"", ""value"": ""No""}, {""label"": ""Comments On Solution"", ""value"": """"}], ""title"": ""Complaint Details""}, {""rows"": [{""label"": ""Should this complaint be reported to authorities?"", ""value"": ""No""}], ""title"": ""Regulatory Trigger""}], ""submission_id"": ""RN-20251229-1347"", ""submission_timestamp"": ""2025-12-29T12:47:40.597Z"", ""mail_ok"": true, ""mail_error"": """", ""dropbox_ok"": false, ""dropbox_error"": ""ApiError('119c2a49655f42acb684ef1a6952953a', CreateFolderError('path', WriteError('no_write_permission', None)))"", ""customer_email"": ""likithgowdru234@gmail.com"", ""_sections"": [{""rows"": [{""label"": ""First Name"", ""value"": ""Likith""}, {""label"": ""Last Name"", ""value"": ""Jayaram Gowda""}, {""label"": ""Phone Number"", ""value"": ""01748856263""}, {""label"": ""Email Address"", ""value"": ""likithgowdru234@gmail.com""}, {""label"": ""Address"", ""value"": ""Damerowstraße 14\n3rd Floor C/O Balan""}], ""title"": ""Form Details""}, {""rows"": [{""label"": ""Product Name"", ""value"": "" Zvz""}, {""label"": ""Product Size"", ""value"": """"}, {""label"": ""LOT / Serial Number"", ""value"": "" S d""}, {""label"": ""Quantity"", ""value"": """"}, {""label"": ""Purchased From (Distributor)"", ""value"": ""Yshdb""}, {""label"": ""Country"", ""value"": ""Hsbs""}], ""title"": ""Product Information""}, {""rows"": [{""label"": ""Complaint Type"", ""value"": ""Quality Issue""}, {""label"": ""Complaint Description"", ""value"": """"}, {""label"": ""Additional Information"", ""value"": """"}, {""label"": ""Primary Solution (If Provided)"", ""value"": ""No""}, {""label"": ""Comments On Solution"", ""value"": """"}], ""title"": ""Complaint Details""}, {""rows"": [{""label"": ""Should this complaint be reported to authorities?"", ""value"": ""No""}], ""title"": ""Regulatory Trigger""}]}"
CC2025-26,2025-12-29T12:47:40.597Z,2025-12-29T15:05:33.289290+00:00,"lab@redentnova.de, raz.flieshman@redentnova.de, likithgowdru234@gmail.com",likithgowdru234@gmail.com,Hsbs,Zvz,S d,Quality Issue,CC2025-26.pdf,,,,"{""complaint_id"": ""RN-20251229-1347"", ""email_to"": [""lab@redentnova.de"", ""likithgowdru234@gmail.com""], ""sections"": [{""rows"": [{""label"": ""First Name"", ""value"": ""Likith""}, {""label"": ""Last Name"", ""value"": ""Jayaram Gowda""}, {""label"": ""Phone Number"", ""value"": ""01748856263""}, {""label"": ""Email Address"", ""value"": ""likithgowdru234@gmail.com""}, {""label"": ""Address"", ""value"": ""Damerowstraße 14\n3rd Floor C/O Balan""}], ""title"": ""Form Details""}, {""rows"": [{""label"": ""Product Name"", ""value"": "" Zvz""}, {""label"": ""Product Size"", ""value"": """"}, {""label"": ""LOT / Serial Number"", ""value"": "" S d""}, {""label"": ""Quantity"", ""value"": """"}, {""label"": ""Purchased From (Distributor)"", ""value"": ""Yshdb""}, {""label"": ""Country"", ""value"": ""Hsbs""}], ""title"": ""Product Information""}, {""rows"": [{""label"": ""Complaint Type"", ""value"": ""Quality Issue""}, {""label"": ""Complaint Description"", ""value"": """"}, {""label"": ""Additional Information"", ""value"": """"}, {""label"": ""Primary Solution (If Provided)"", ""value"": ""No""}, {""label"": ""Comments On Solution"", ""value"": """"}], ""title"": ""Complaint Details""}, {""rows"": [{""label"": ""Should this complaint be reported to authorities?"", ""value"": ""No""}], ""title"": ""Regulatory Trigger""}], ""submission_id"": ""RN-20251229-1347"", ""submission_timestamp"": ""2025-12-29T12:47:40.597Z"", ""mail_ok"": true, ""mail_error"": """", ""dropbox_ok"": false, ""dropbox_error"": ""DROPBOX_PERSONAL_FOLDER not set"", ""customer_email"": ""likithgowdru234@gmail.com"", ""_sections"": [{""rows"": [{""label"": ""First Name"", ""value"": ""Likith""}, {""label"": ""Last Name"", ""value"": ""Jayaram Gowda""}, {""label"": ""Phone Number"", ""value"": ""01748856263""}, {""label"": ""Email Address"", ""value"": ""likithgowdru234@gmail.com""}, {""label"": ""Address"", ""value"": ""Damerowstraße 14\n3rd Floor C/O Balan""}], ""title"": ""Form Details""}, {""rows"": [{""label"": ""Product Name"", ""value"": "" Zvz""}, {""label"": ""Product Size"", ""value"": """"}, {""label"": ""LOT / Serial Number"", ""value"": "" S d""}, {""label"": ""Quantity"", ""value"": """"}, {""label"": ""Purchased From (Distributor)"", ""value"": ""Yshdb""}, {""label"": ""Country"", ""value"": ""Hsbs""}], ""title"": ""Product Information""}, {""rows"": [{""label"": ""Complaint Type"", ""value"": ""Quality Issue""}, {""label"": ""Complaint Description"", ""value"": """"}, {""label"": ""Additional Information"", ""value"": """"}, {""label"": ""Primary Solution (If Provided)"", ""value"": ""No""}, {""label"": ""Comments On Solution"", ""value"": """"}], ""title"": ""Complaint Details""}, {""rows"": [{""label"": ""Should this complaint be reported to authorities?"", ""value"": ""No""}], ""title"": ""Regulatory Trigger""}]}"
CC2025-27,2025-12-29T12:47:40.597Z,2025-12-29T15:08:23.125208+00:00,"lab@redentnova.de, raz.flieshman@redentnova.de, likithgowdru234@gmail.com",likithgowdru234@gmail.com,Hsbs,Zvz,S d,Quality Issue,CC2025-27.pdf,,,,"{""complaint_id"": ""RN-20251229-1347"", ""email_to"": [""lab@redentnova.de"", ""likithgowdru234@gmail.com""], ""sections"": [{""rows"": [{""label"": ""First Name"", ""value"": ""Likith""}, {""label"": ""Last Name"", ""value"": ""Jayaram Gowda""}, {""label"": ""Phone Number"", ""value"": ""01748856263""}, {""label"": ""Email Address"", ""value"": ""likithgowdru234@gmail.com""}, {""label"": ""Address"", ""value"": ""Damerowstraße 14\n3rd Floor C/O Balan""}], ""title"": ""Form Details""}, {""rows"": [{""label"": ""Product Name"", ""value"": "" Zvz""}, {""label"": ""Product Size"", ""value"": """"}, {""label"": ""LOT / Serial Number"", ""value"": "" S d""}, {""label"": ""Quantity"", ""value"": """"}, {""label"": ""Purchased From (Distributor)"", ""value"": ""Yshdb""}, {""label"": ""Country"", ""value"": ""Hsbs""}], ""title"": ""Product Information""}, {""rows"": [{""label"": ""Complaint Type"", ""value"": ""Quality Issue""}, {""label"": ""Complaint Description"", ""value"": """"}, {""label"": ""Additional Information"", ""value"": """"}, {""label"": ""Primary Solution (If Provided)"", ""value"": ""No""}, {""label"": ""Comments On Solution"", ""value"": """"}], ""title"": ""Complaint Details""}, {""rows"": [{""label"": ""Should this complaint be reported to authorities?"", ""value"": ""No""}], ""title"": ""Regulatory Trigger""}], ""submission_id"": ""RN-20251229-1347"", ""submission_timestamp"": ""2025-12-29T12:47:40.597Z"", ""mail_ok"": true, ""mail_error"": """", ""dropbox_ok"": false, ""dropbox_error"": ""DROPBOX_PERSONAL_FOLDER not set"", ""customer_email"": ""likithgowdru234@gmail.com"", ""_sections"": [{""rows"": [{""label"": ""First Name"", ""value"": ""Likith""}, {""label"": ""Last Name"", ""value"": ""Jayaram Gowda""}, {""label"": ""Phone Number"", ""value"": ""01748856263""}, {""label"": ""Email Address"", ""value"": ""likithgowdru234@gmail.com""}, {""label"": ""Address"", ""value"": ""Damerowstraße 14\n3rd Floor C/O Balan""}], ""title"": ""Form Details""}, {""rows"": [{""label"": ""Product Name"", ""value"": "" Zvz""}, {""label"": ""Product Size"", ""value"": """"}, {""label"": ""LOT / Serial Number"", ""value"": "" S d""}, {""label"": ""Quantity"", ""value"": """"}, {""label"": ""Purchased From (Distributor)"", ""value"": ""Yshdb""}, {""label"": ""Country"", ""value"": ""Hsbs""}], ""title"": ""Product Information""}, {""rows"": [{""label"": ""Complaint Type"", ""value"": ""Quality Issue""}, {""label"": ""Complaint Description"", ""value"": """"}, {""label"": ""Additional Information"", ""value"": """"}, {""label"": ""Primary Solution (If Provided)"", ""value"": ""No""}, {""label"": ""Comments On Solution"", ""value"": """"}], ""title"": ""Complaint Details""}, {""rows"": [{""label"": ""Should this complaint be reported to authorities?"", ""value"": ""No""}], ""title"": ""Regulatory Trigger""}]}"
CC2025-28,2025-12-29T15:33:43.637Z,2025-12-29T15:34:02.259575+00:00,"lab@redentnova.de, raz.flieshman@redentnova.de, likithgowdru234@gmail.com",likithgowdru234@gmail.com,Gsgs,Bdb,Hsb,Product Defect,CC2025-28.pdf,/CC_Test_Uploads/CC2025-28.pdf,https://www.dropbox.com/scl/fi/62v00asmzadae3e27c87w/CC2025-28.pdf?rlkey=fv65mqj8laqaq41p4ni7cclhw&dl=0,,"{""complaint_id"": ""RN-20251229-1633"", ""email_to"": [[""lab@redentnova.de"", ""raz.flieshman@redentnova.de""], ""likithgowdru234@gmail.com""], ""sections"": [{""rows"": [{""label"": ""First Name"", ""value"": ""Hsb""}, {""label"": ""Last Name"", ""value"": ""Hsbs""}, {""label"": ""Phone Number"", ""value"": """"}, {""label"": ""Email Address"", ""value"": ""likithgowdru234@gmail.com""}, {""label"": ""Address"", ""value"": ""Damerowstraße 14A\n3rd Floor C/O Singh""}], ""title"": ""Form Details""}, {""rows"": [{""label"": ""Product Name"", ""value"": ""Bdb""}, {""label"": ""Product Size"", ""value"": """"}, {""label"": ""LOT / Serial Number"", ""value"": ""Hsb""}, {""label"": ""Quantity"", ""value"": """"}, {""label"": ""Purchased From (Distributor)"", ""value"": ""Hsb""}, {""label"": ""Country"", ""value"": ""Gsgs""}], ""title"": ""Product Information""}, {""rows"": [{""label"": ""Complaint Type"", ""value"": ""Product Defect""}, {""label"": ""Complaint Description"", ""value"": """"}, {""label"": ""Additional Information"", ""value"": """"}, {""label"": ""Primary Solution (If Provided)"", ""value"": ""No""}, {""label"": ""Comments On Solution"", ""value"": """"}], ""title"": ""Complaint Details""}, {""rows"": [{""label"": ""Should this complaint be reported to authorities?"", ""value"": ""Yes""}], ""title"": ""Regulatory Trigger""}, {""rows"": [{""label"": ""Was the device used on a patient?"", ""value"": ""Yes""}, {""label"": ""Was the device cleaned before returning?"", ""value"": ""No""}, {""label"": ""What kind of system is this?"", ""value"": ""Distributor""}], ""title"": ""Authority-Required Additional Questions""}], ""submission_id"": ""RN-20251229-1633"", ""submission_timestamp"": ""2025-12-29T15:33:43.637Z"", ""mail_ok"": true, ""mail_error"": """", ""dropbox_ok"": true, ""dropbox_error"": """", ""customer_email"": ""likithgowdru234@gmail.com"", ""_sections"": [{""rows"": [{""label"": ""First Name"", ""value"": ""Hsb""}, {""label"": ""Last Name"", ""value"": ""Hsbs""}, {""label"": ""Phone Number"", ""value"": """"}, {""label"": ""Email Address"", ""value"": ""likithgowdru234@gmail.com""}, {""label"": ""Address"", ""value"": ""Damerowstraße 14A\n3rd Floor C/O Singh""}], ""title"": ""Form Details""}, {""rows"": [{""label"": ""Product Name"", ""value"": ""Bdb""}, {""label"": ""Product Size"", ""value"": """"}, {""label"": ""LOT / Serial Number"", ""value"": ""Hsb""}, {""label"": ""Quantity"", ""value"": """"}, {""label"": ""Purchased From (Distributor)"", ""value"": ""Hsb""}, {""label"": ""Country"", ""value"": ""Gsgs""}], ""title"": ""Product Information""}, {""rows"": [{""label"": ""Complaint Type"", ""value"": ""Product Defect""}, {""label"": ""Complaint Description"", ""value"": """"}, {""label"": ""Additional Information"", ""value"": """"}, {""label"": ""Primary Solution (If Provided)"", ""value"": ""No""}, {""label"": ""Comments On Solution"", ""value"": """"}], ""title"": ""Complaint Details""}, {""rows"": [{""label"": ""Should this complaint be reported to authorities?"", ""value"": ""Yes""}], ""title"": ""Regulatory Trigger""}, {""rows"": [{""label"": ""Was the device used on a patient?"", ""value"": ""Yes""}, {""label"": ""Was the device cleaned before returning?"", ""value"": ""No""}, {""label"": ""What kind of system is this?"", ""value"": ""Distributor""}], ""title"": ""Authority-Required Additional Questions""}]}"
CC2025-29,2025-12-29T15:50:51.577Z,2025-12-29T15:51:10.431070+00:00,"lab@redentnova.de, raz.flieshman@redentnova.de, likithgowdru234@gmail.com",likithgowdru234@gmail.com,Gsgs,Bdb,Hsb,Product Defect,CC2025-29.pdf,/CC_Test_Uploads/CC2025-29.pdf,https://www.dropbox.com/scl/fi/svrt2w8mnmokiz8g18ap8/CC2025-29.pdf?rlkey=zcsmw6lwmfs2zqnjmhwjgyyg4&dl=0,,"{""complaint_id"": ""RN-20251229-1650"", ""email_to"": [[""lab@redentnova.de"", ""raz.flieshman@redentnova.de""], ""likithgowdru234@gmail.com""], ""sections"": [{""rows"": [{""label"": ""First Name"", ""value"": ""Hsb""}, {""label"": ""Last Name"", ""value"": ""Hsbs""}, {""label"": ""Phone Number"", ""value"": """"}, {""label"": ""Email Address"", ""value"": ""likithgowdru234@gmail.com""}, {""label"": ""Address"", ""value"": ""Damerowstraße 14A\n3rd Floor C/O Singh""}], ""title"": ""Form Details""}, {""rows"": [{""label"": ""Product Name"", ""value"": ""Bdb""}, {""label"": ""Product Size"", ""value"": """"}, {""label"": ""LOT / Serial Number"", ""value"": ""Hsb""}, {""label"": ""Quantity"", ""value"": """"}, {""label"": ""Purchased From (Distributor)"", ""value"": ""Hsb""}, {""label"": ""Country"", ""value"": ""Gsgs""}], ""title"": ""Product Information""}, {""rows"": [{""label"": ""Complaint Type"", ""value"": ""Product Defect""}, {""label"": ""Complaint Description"", ""value"": """"}, {""label"": ""Additional Information"", ""value"": """"}, {""label"": ""Primary Solution (If Provided)"", ""value"": ""No""}, {""label"": ""Comments On Solution"", ""value"": """"}], ""title"": ""Complaint Details""}, {""rows"": [{""label"": ""Should this complaint be reported to authorities?"", ""value"": ""Yes""}], ""title"": ""Regulatory Trigger""}, {""rows"": [{""label"": ""Was the device used on a patient?"", ""value"": ""Yes""}, {""label"": ""Was the device cleaned before returning?"", ""value"": ""No""}, {""label"": ""What kind of system is this?"", ""value"": ""Distributor""}], ""title"": ""Authority-Required Additional Questions""}], ""submission_id"": ""RN-20251229-1650"", ""submission_timestamp"": ""2025-12-29T15:50:51.577Z"", ""mail_ok"": true, ""mail_error"": """", ""dropbox_ok"": true, ""dropbox_error"": """", ""customer_email"": ""likithgowdru234@gmail.com"", ""_sections"": [{""rows"": [{""label"": ""First Name"", ""value"": ""Hsb""}, {""label"": ""Last Name"", ""value"": ""Hsbs""}, {""label"": ""Phone Number"", ""value"": """"}, {""label"": ""Email Address"", ""value"": ""likithgowdru234@gmail.com""}, {""label"": ""Address"", ""value"": ""Damerowstraße 14A\n3rd Floor C/O Singh""}], ""title"": ""Form Details""}, {""rows"": [{""label"": ""Product Name"", ""value"": ""Bdb""}, {""label"": ""Product Size"", ""value"": """"}, {""label"": ""LOT / Serial Number"", ""value"": ""Hsb""}, {""label"": ""Quantity"", ""value"": """"}, {""label"": ""Purchased From (Distributor)"", ""value"": ""Hsb""}, {""label"": ""Country"", ""value"": ""Gsgs""}], ""title"": ""Product Information""}, {""rows"": [{""label"": ""Complaint Type"", ""value"": ""Product Defect""}, {""label"": ""Complaint Description"", ""value"": """"}, {""label"": ""Additional Information"", ""value"": """"}, {""label"": ""Primary Solution (If Provided)"", ""value"": ""No""}, {""label"": ""Comments On Solution"", ""value"": """"}], ""title"": ""Complaint Details""}, {""rows"": [{""label"": ""Should this complaint be reported to authorities?"", ""value"": ""Yes""}], ""title"": ""Regulatory Trigger""}, {""rows"": [{""label"": ""Was the device used on a patient?"", ""value"": ""Yes""}, {""label"": ""Was the device cleaned before returning?"", ""value"": ""No""}, {""label"": ""What kind of system is this?"", ""value"": ""Distributor""}], ""title"": ""Authority-Required Additional Questions""}]}"
CC2026-01,2026-01-12T16:35:47.999Z,2026-01-12T16:36:02.660085+00:00,"lab@redentnova.de, raz.flieshman@redentnova.de",likithjayaramgowda@gmail.com,Bs s,Nsbs,Hsbs,Packaging Issue,CC2026-01.pdf,,,,"{""complaint_id"": ""RN-20260112-1735"", ""email_to"": [""lab@redentnova.de"", ""likithjayaramgowda@gmail.com""], ""sections"": [{""rows"": [{""label"": ""First Name"", ""value"": ""Likith""}, {""label"": ""Last Name"", ""value"": ""Jayaram Gowda""}, {""label"": ""Phone Number"", ""value"": ""01748856263""}, {""label"": ""Email Address"", ""value"": ""likithjayaramgowda@gmail.com""}, {""label"": ""Address"", ""value"": ""Damerowstraße 14A""}], ""title"": ""Form Details""}, {""rows"": [{""label"": ""Product Name"", ""value"": ""Nsbs""}, {""label"": ""Product Size"", ""value"": """"}, {""label"": ""LOT / Serial Number"", ""value"": ""Hsbs""}, {""label"": ""Quantity"", ""value"": """"}, {""label"": ""Purchased From (Distributor)"", ""value"": ""Hsbs""}, {""label"": ""Country"", ""value"": ""Bs s""}], ""title"": ""Product Information""}, {""rows"": [{""label"": ""Complaint Type"", ""value"": ""Packaging Issue""}, {""label"": ""Complaint Description"", ""value"": """"}, {""label"": ""Additional Information"", ""value"": """"}, {""label"": ""Primary Solution (If Provided)"", ""value"": ""Yes""}, {""label"": ""Comments On Solution"", ""value"": """"}], ""title"": ""Complaint Details""}, {""rows"": [{""label"": ""Should this complaint be reported to authorities?"", ""value"": ""No""}], ""title"": ""Regulatory Trigger""}], ""submission_id"": ""RN-20260112-1735"", ""submission_timestamp"": ""2026-01-12T16:35:47.999Z"", ""mail_ok"": true, ""mail_error"": """", ""dropbox_ok"": false, ""dropbox_error"": ""name 'upload_pdf_to_dropbox' is not defined"", ""customer_email"": ""likithjayaramgowda@gmail.com"", ""send_email"": false, ""send_to_customer"": false, ""_sections"": [{""rows"": [{""label"": ""First Name"", ""value"": ""Likith""}, {""label"": ""Last Name"", ""value"": ""Jayaram Gowda""}, {""label"": ""Phone Number"", ""value"": ""01748856263""}, {""label"": ""Email Address"", ""value"": ""likithjayaramgowda@gmail.com""}, {""label"": ""Address"", ""value"": ""Damerowstraße 14A""}], ""title"": ""Form Details""}, {""rows"": [{""label"": ""Product Name"", ""value"": ""Nsbs""}, {""label"": ""Product Size"", ""value"": """"}, {""label"": ""LOT / Serial Number"", ""value"": ""Hsbs""}, {""label"": ""Quantity"", ""value"": """"}, {""label"": ""Purchased From (Distributor)"", ""value"": ""Hsbs""}, {""label"": ""Country"", ""value"": ""Bs s""}], ""title"": ""Product Information""}, {""rows"": [{""label"": ""Complaint Type"", ""value"": ""Packaging Issue""}, {""label"": ""Complaint Description"", ""value"": """"}, {""label"": ""Additional Information"", ""value"": """"}, {""label"": ""Primary Solution (If Provided)"", ""value"": ""Yes""}, {""label"": ""Comments On Solution"", ""value"": """"}], ""title"": ""Complaint Details""}, {""rows"": [{""label"": ""Should this complaint be reported to authorities?"", ""value"": ""No""}], ""title"": ""Regulatory Trigger""}]}"
CC2026-02,2026-01-12T16:35:47.999Z,2026-01-13T08:24:02.158531+00:00,"lab@redentnova.de, raz.flieshman@redentnova.de",likithjayaramgowda@gmail.com,Bs s,Nsbs,Hsbs,Packaging Issue,CC2026-02.pdf,,,,"{""complaint_id"": ""RN-20260112-1735"", ""email_to"": [""lab@redentnova.de"", ""likithjayaramgowda@gmail.com""], ""sections"": [{""rows"": [{""label"": ""First Name"", ""value"": ""Likith""}, {""label"": ""Last Name"", ""value"": ""Jayaram Gowda""}, {""label"": ""Phone Number"", ""value"": ""01748856263""}, {""label"": ""Email Address"", ""value"": ""likithjayaramgowda@gmail.com""}, {""label"": ""Address"", ""value"": ""Damerowstraße 14A""}], ""title"": ""Form Details""}, {""rows"": [{""label"": ""Product Name"", ""value"": ""Nsbs""}, {""label"": ""Product Size"", ""value"": """"}, {""label"": ""LOT / Serial Number"", ""value"": ""Hsbs""}, {""label"": ""Quantity"", ""value"": """"}, {""label"": ""Purchased From (Distributor)"", ""value"": ""Hsbs""}, {""label"": ""Country"", ""value"": ""Bs s""}], ""title"": ""Product Information""}, {""rows"": [{""label"": ""Complaint Type"", ""value"": ""Packaging Issue""}, {""label"": ""Complaint Description"", ""value"": """"}, {""label"": ""Additional Information"", ""value"": """"}, {""label"": ""Primary Solution (If Provided)"", ""value"": ""Yes""}, {""label"": ""Comments On Solution"", ""value"": """"}], ""title"": ""Complaint Details""}, {""rows"": [{""label"": ""Should this complaint be reported to authorities?"", ""value"": ""No""}], ""title"": ""Regulatory Trigger""}], ""submission_id"": ""RN-20260112-1735"", ""submission_timestamp"": ""2026-01-12T16:35:47.999Z"", ""mail_ok"": true, ""mail_error"": """", ""dropbox_ok"": false, ""dropbox_error"": ""name 'upload_pdf_to_dropbox' is not defined"", ""customer_email"": ""likithjayaramgowda@gmail.com"", ""send_email"": false, ""send_to_customer"": false, ""_sections"": [{""rows"": [{""label"": ""First Name"", ""value"": ""Likith""}, {""label"": ""Last Name"", ""value"": ""Jayaram Gowda""}, {""label"": ""Phone Number"", ""value"": ""01748856263""}, {""label"": ""Email Address"", ""value"": ""likithjayaramgowda@gmail.com""}, {""label"": ""Address"", ""value"": ""Damerowstraße 14A""}], ""title"": ""Form Details""}, {""rows"": [{""label"": ""Product Name"", ""value"": ""Nsbs""}, {""label"": ""Product Size"", ""value"": """"}, {""label"": ""LOT / Serial Number"", ""value"": ""Hsbs""}, {""label"": ""Quantity"", ""value"": """"}, {""label"": ""Purchased From (Distributor)"", ""value"": ""Hsbs""}, {""label"": ""Country"", ""value"": ""Bs s""}], ""title"": ""Product Information""}, {""rows"": [{""label"": ""Complaint Type"", ""value"": ""Packaging Issue""}, {""label"": ""Complaint Description"", ""value"": """"}, {""label"": ""Additional Information"", ""value"": """"}, {""label"": ""Primary Solution (If Provided)"", ""value"": ""Yes""}, {""label"": ""Comments On Solution"", ""value"": """"}], ""title"": ""Complaint Details""}, {""rows"": [{""label"": ""Should this complaint be reported to authorities?"", ""value"": ""No""}], ""title"": ""Regulatory Trigger""}]}"
CC2026-03,2026-01-13T09:47:13.571Z,2026-01-13T09:51:57.116083+00:00,"lab@redentnova.de, raz.flieshman@redentnova.de",likithjayaramgowda@gmail.com,Bd d,Bs s,Bsvs,Product Defect,CC2026-03.pdf,,,https://github.com/likithjayaramgowda/Customer_cc/actions/runs/20952125283,"{""complaint_id"": ""RN-20260113-1047"", ""email_to"": [""lab@redentnova.de"", ""likithjayaramgowda@gmail.com""], ""sections"": [{""rows"": [{""label"": ""First Name"", ""value"": ""Likith""}, {""label"": ""Last Name"", ""value"": ""Jayaram Gowda""}, {""label"": ""Phone Number"", ""value"": ""01748856263""}, {""label"": ""Email Address"", ""value"": ""likithjayaramgowda@gmail.com""}, {""label"": ""Address"", ""value"": ""Damerowstrase 14""}], ""title"": ""Form Details""}, {""rows"": [{""label"": ""Product Name"", ""value"": ""Bs s""}, {""label"": ""Product Size"", ""value"": """"}, {""label"": ""LOT / Serial Number"", ""value"": ""Bsvs""}, {""label"": ""Quantity"", ""value"": """"}, {""label"": ""Purchased From (Distributor)"", ""value"": ""Bs d""}, {""label"": ""Country"", ""value"": ""Bd d""}], ""title"": ""Product Information""}, {""rows"": [{""label"": ""Complaint Type"", ""value"": ""Product Defect""}, {""label"": ""Complaint Description"", ""value"": """"}, {""label"": ""Additional Information"", ""value"": """"}, {""label"": ""Primary Solution (If Provided)"", ""value"": ""No""}, {""label"": ""Comments On Solution"", ""value"": """"}], ""title"": ""Complaint Details""}, {""rows"": [{""label"": ""Should this complaint be reported to authorities?"", ""value"": ""No""}], ""title"": ""Regulatory Trigger""}], ""submission_id"": ""RN-20260113-1047"", ""submission_timestamp"": ""2026-01-13T09:47:13.571Z"", ""mail_ok"": true, ""mail_error"": """", ""dropbox_ok"": false, ""dropbox_error"": ""name 'upload_pdf_to_dropbox' is not defined"", ""customer_email"": ""likithjayaramgowda@gmail.com"", ""send_email"": false, ""send_to_customer"": false, ""_sections"": [{""rows"": [{""label"": ""First Name"", ""value"": ""Likith""}, {""label"": ""Last Name"", ""value"": ""Jayaram Gowda""}, {""label"": ""Phone Number"", ""value"": ""01748856263""}, {""label"": ""Email Address"", ""value"": ""likithjayaramgowda@gmail.com""}, {""label"": ""Address"", ""value"": ""Damerowstrase 14""}], ""title"": ""Form Details""}, {""rows"": [{""label"": ""Product Name"", ""value"": ""Bs s""}, {""label"": ""Product Size"", ""value"": """"}, {""label"": ""LOT / Serial Number"", ""value"": ""Bsvs""}, {""label"": ""Quantity"", ""value"": """"}, {""label"": ""Purchased From (Distributor)"", ""value"": ""Bs d""}, {""label"": ""Country"", ""value"": ""Bd d""}], ""title"": ""Product Information""}, {""rows"": [{""label"": ""Complaint Type"", ""value"": ""Product Defect""}, {""label"": ""Complaint Description"", ""value"": """"}, {""label"": ""Additional Information"", ""value"": """"}, {""label"": ""Primary Solution (If Provided)"", ""value"": ""No""}, {""label"": ""Comments On Solution"", ""value"": """"}], ""title"": ""Complaint Details""}, {""rows"": [{""label"": ""Should this complaint be reported to authorities?"", ""value"": ""No""}], ""title"": ""Regulatory Trigger""}]}"
CC2026-04,2026-01-13T09:58:15.285Z,2026-01-13T09:58:32.252633+00:00,"lab@redentnova.de, raz.flieshman@redentnova.de",likithjayaramgowda@gmail.com,Gsvsg,Hsbs,Tsgsv,Product Defect,CC2026-04.pdf,,,https://github.com/likithjayaramgowda/Customer_cc/actions/runs/20952439929,"{""complaint_id"": ""RN-20260113-1058"", ""email_to"": [""lab@redentnova.de"", ""likithjayaramgowda@gmail.com""], ""sections"": [{""rows"": [{""label"": ""First Name"", ""value"": ""Likith""}, {""label"": ""Last Name"", ""value"": ""Jayaram Gowda""}, {""label"": ""Phone Number"", ""value"": ""01748856263""}, {""label"": ""Email Address"", ""value"": ""likithjayaramgowda@gmail.com""}, {""label"": ""Address"", ""value"": ""Damerowstrase 14""}], ""title"": ""Form Details""}, {""rows"": [{""label"": ""Product Name"", ""value"": ""Hsbs""}, {""label"": ""Product Size"", ""value"": """"}, {""label"": ""LOT / Serial Number"", ""value"": ""Tsgsv""}, {""label"": ""Quantity"", ""value"": """"}, {""label"": ""Purchased From (Distributor)"", ""value"": ""Yshsb""}, {""label"": ""Country"", ""value"": ""Gsvsg""}], ""title"": ""Product Information""}, {""rows"": [{""label"": ""Complaint Type"", ""value"": ""Product Defect""}, {""label"": ""Complaint Description"", ""value"": """"}, {""label"": ""Additional Information"", ""value"": """"}, {""label"": ""Primary Solution (If Provided)"", ""value"": ""No""}, {""label"": ""Comments On Solution"", ""value"": """"}], ""title"": ""Complaint Details""}, {""rows"": [{""label"": ""Should this complaint be reported to authorities?"", ""value"": ""No""}], ""title"": ""Regulatory Trigger""}], ""submission_id"": ""RN-20260113-1058"", ""submission_timestamp"": ""2026-01-13T09:58:15.285Z"", ""mail_ok"": true, ""mail_error"": """", ""dropbox_ok"": false, ""dropbox_error"": ""name 'upload_pdf_to_dropbox' is not defined"", ""customer_email"": ""likithjayaramgowda@gmail.com"", ""send_email"": false, ""send_to_customer"": false, ""_sections"": [{""rows"": [{""label"": ""First Name"", ""value"": ""Likith""}, {""label"": ""Last Name"", ""value"": ""Jayaram Gowda""}, {""label"": ""Phone Number"", ""value"": ""01748856263""}, {""label"": ""Email Address"", ""value"": ""likithjayaramgowda@gmail.com""}, {""label"": ""Address"", ""value"": ""Damerowstrase 14""}], ""title"": ""Form Details""}, {""rows"": [{""label"": ""Product Name"", ""value"": ""Hsbs""}, {""label"": ""Product Size"", ""value"": """"}, {""label"": ""LOT / Serial Number"", ""value"": ""Tsgsv""}, {""label"": ""Quantity"", ""value"": """"}, {""label"": ""Purchased From (Distributor)"", ""value"": ""Yshsb""}, {""label"": ""Country"", ""value"": ""Gsvsg""}], ""title"": ""Product Information""}, {""rows"": [{""label"": ""Complaint Type"", ""value"": ""Product Defect""}, {""label"": ""Complaint Description"", ""value"": """"}, {""label"": ""Additional Information"", ""value"": """"}, {""label"": ""Primary Solution (If Provided)"", ""value"": ""No""}, {""label"": ""Comments On Solution"", ""value"": """"}], ""title"": ""Complaint Details""}, {""rows"": [{""label"": ""Should this complaint be reported to authorities?"", ""value"": ""No""}], ""title"": ""Regulatory Trigger""}]}"
CC2026-05,2026-01-13T10:00:30.639Z,2026-01-13T10:00:50.094720+00:00,"lab@redentnova.de, raz.flieshman@redentnova.de, likithjayaramgowda@gmail.com",likithjayaramgowda@gmail.com,S dhbs,Hsbs,Bs s,Product Defect,CC2026-05.pdf,,,https://github.com/likithjayaramgowda/Customer_cc/actions/runs/20952505350,"{""complaint_id"": ""RN-20260113-1100"", ""email_to"": [""lab@redentnova.de"", ""likithjayaramgowda@gmail.com""], ""sections"": [{""rows"": [{""label"": ""First Name"", ""value"": ""Likith""}, {""label"": ""Last Name"", ""value"": ""Jayaram Gowda""}, {""label"": ""Phone Number"", ""value"": ""01748856263""}, {""label"": ""Email Address"", ""value"": ""likithjayaramgowda@gmail.com""}, {""label"": ""Address"", ""value"": ""Damerowstrase 14""}], ""title"": ""Form Details""}, {""rows"": [{""label"": ""Product Name"", ""value"": ""Hsbs""}, {""label"": ""Product Size"", ""value"": """"}, {""label"": ""LOT / Serial Number"", ""value"": ""Bs s""}, {""label"": ""Quantity"", ""value"": """"}, {""label"": ""Purchased From (Distributor)"", ""value"": ""Hsbs""}, {""label"": ""Country"", ""value"": "" S dhbs""}], ""title"": ""Product Information""}, {""rows"": [{""label"": ""Complaint Type"", ""value"": ""Product Defect""}, {""label"": ""Complaint Description"", ""value"": """"}, {""label"": ""Additional Information"", ""value"": """"}, {""label"": ""Primary Solution (If Provided)"", ""value"": ""No""}, {""label"": ""Comments On Solution"", ""value"": """"}], ""title"": ""Complaint Details""}, {""rows"": [{""label"": ""Should this complaint be reported to authorities?"", ""value"": ""Yes""}], ""title"": ""Regulatory Trigger""}, {""rows"": [{""label"": ""Was the device used on a patient?"", ""value"": ""No""}, {""label"": ""Was the device cleaned before returning?"", ""value"": ""Yes""}, {""label"": ""What kind of system is this?"", ""value"": ""Distributor""}], ""title"": ""Authority-Required Additional Questions""}], ""submission_id"": ""RN-20260113-1100"", ""submission_timestamp"": ""2026-01-13T10:00:30.639Z"", ""mail_ok"": true, ""mail_error"": """", ""dropbox_ok"": false, ""dropbox_error"": ""name 'upload_pdf_to_dropbox' is not defined"", ""customer_email"": ""likithjayaramgowda@gmail.com"", ""send_email"": true, ""send_to_customer"": true, ""_sections"": [{""rows"": [{""label"": ""First Name"", ""value"": ""Likith""}, {""label"": ""Last Name"", ""value"": ""Jayaram Gowda""}, {""label"": ""Phone Number"", ""value"": ""01748856263""}, {""label"": ""Email Address"", ""value"": ""likithjayaramgowda@gmail.com""}, {""label"": ""Address"", ""value"": ""Damerowstrase 14""}], ""title"": ""Form Details""}, {""rows"": [{""label"": ""Product Name"", ""value"": ""Hsbs""}, {""label"": ""Product Size"", ""value"": """"}, {""label"": ""LOT / Serial Number"", ""value"": ""Bs s""}, {""label"": ""Quantity"", ""value"": """"}, {""label"": ""Purchased From (Distributor)"", ""value"": ""Hsbs""}, {""label"": ""Country"", ""value"": "" S dhbs""}], ""title"": ""Product Information""}, {""rows"": [{""label"": ""Complaint Type"", ""value"": ""Product Defect""}, {""label"": ""Complaint Description"", ""value"": """"}, {""label"": ""Additional Information"", ""value"": """"}, {""label"": ""Primary Solution (If Provided)"", ""value"": ""No""}, {""label"": ""Comments On Solution"", ""value"": """"}], ""title"": ""Complaint Details""}, {""rows"": [{""label"": ""Should this complaint be reported to authorities?"", ""value"": ""Yes""}], ""title"": ""Regulatory Trigger""}, {""rows"": [{""label"": ""Was the device used on a patient?"", ""value"": ""No""}, {""label"": ""Was the device cleaned before returning?"", ""value"": ""Yes""}, {""label"": ""What kind of system is this?"", ""value"": ""Distributor""}], ""title"": ""Authority-Required Additional Questions""}]}"
CC2026-06,2026-01-13T10:16:59.491Z,2026-01-13T10:18:43.277849+00:00,"lab@redentnova.de, raz.flieshman@redentnova.de, likithjayaramgowda@gmail.com",likithjayaramgowda@gmail.com,Hsbd d,Hdbdb,Bsbs,Product Defect,CC2026-06.pdf,,,https://github.com/likithjayaramgowda/Customer_cc/actions/runs/20952986626,"{""complaint_id"": ""RN-20260113-1116"", ""email_to"": [""lab@redentnova.de"", ""likithjayaramgowda@gmail.com""], ""sections"": [{""rows"": [{""label"": ""First Name"", ""value"": ""Likith""}, {""label"": ""Last Name"", ""value"": ""Jayaram Gowda""}, {""label"": ""Phone Number"", ""value"": ""01748856263""}, {""label"": ""Email Address"", ""value"": ""likithjayaramgowda@gmail.com""}, {""label"": ""Address"", ""value"": ""Damerowstrase 14""}], ""title"": ""Form Details""}, {""rows"": [{""label"": ""Product Name"", ""value"": ""Hdbdb""}, {""label"": ""Product Size"", ""value"": """"}, {""label"": ""LOT / Serial Number"", ""value"": ""Bsbs ""}, {""label"": ""Quantity"", ""value"": """"}, {""label"": ""Purchased From (Distributor)"", ""value"": ""Hsbs""}, {""label"": ""Country"", ""value"": ""Hsbd d""}], ""title"": ""Product Information""}, {""rows"": [{""label"": ""Complaint Type"", ""value"": ""Product Defect""}, {""label"": ""Complaint Description"", ""value"": """"}, {""label"": ""Additional Information"", ""value"": """"}, {""label"": ""Primary Solution (If Provided)"", ""value"": ""Yes""}, {""label"": ""Comments On Solution"", ""value"": """"}], ""title"": ""Complaint Details""}, {""rows"": [{""label"": ""Should this complaint be reported to authorities?"", ""value"": ""No""}], ""title"": ""Regulatory Trigger""}], ""submission_id"": ""RN-20260113-1116"", ""submission_timestamp"": ""2026-01-13T10:16:59.491Z"", ""mail_ok"": true, ""mail_error"": """", ""dropbox_ok"": false, ""dropbox_error"": ""name 'upload_pdf_to_dropbox' is not defined"", ""customer_email"": ""likithjayaramgowda@gmail.com"", ""send_email"": true, ""send_to_customer"": true, ""_sections"": [{""rows"": [{""label"": ""First Name"", ""value"": ""Likith""}, {""label"": ""Last Name"", ""value"": ""Jayaram Gowda""}, {""label"": ""Phone Number"", ""value"": ""01748856263""}, {""label"": ""Email Address"", ""value"": ""likithjayaramgowda@gmail.com""}, {""label"": ""Address"", ""value"": ""Damerowstrase 14""}], ""title"": ""Form Details""}, {""rows"": [{""label"": ""Product Name"", ""value"": ""Hdbdb""}, {""label"": ""Product Size"", ""value"": """"}, {""label"": ""LOT / Serial Number"", ""value"": ""Bsbs ""}, {""label"": ""Quantity"", ""value"": """"}, {""label"": ""Purchased From (Distributor)"", ""value"": ""Hsbs""}, {""label"": ""Country"", ""value"": ""Hsbd d""}], ""title"": ""Product Information""}, {""rows"": [{""label"": ""Complaint Type"", ""value"": ""Product Defect""}, {""label"": ""Complaint Description"", ""value"": """"}, {""label"": ""Additional Information"", ""value"": """"}, {""label"": ""Primary Solution (If Provided)"", ""value"": ""Yes""}, {""label"": ""Comments On Solution"", ""value"": """"}], ""title"": ""Complaint Details""}, {""rows"": [{""label"": ""Should this complaint be reported to authorities?"", ""value"": ""No""}], ""title"": ""Regulatory Trigger""}]}"
CC2026-07,2026-01-13T11:40:53.806Z,2026-01-13T11:42:46.872658+00:00,"lab@redentnova.de, raz.flieshman@redentnova.de, likithjayaramgowda@gmail.com",likithjayaramgowda@gmail.com,Hshs,Hshs,Hsbs,Quality Issue,CC2026-07.pdf,,,https://github.com/likithjayaramgowda/Customer_cc/actions/runs/20955393968,"{""complaint_id"": ""RN-20260113-1240"", ""email_to"": [""lab@redentnova.de"", ""likithjayaramgowda@gmail.com""], ""sections"": [{""rows"": [{""label"": ""First Name"", ""value"": ""Likith""}, {""label"": ""Last Name"", ""value"": ""Jayaram Gowda""}, {""label"": ""Phone Number"", ""value"": ""01748856263""}, {""label"": ""Email Address"", ""value"": ""likithjayaramgowda@gmail.com""}, {""label"": ""Address"", ""value"": ""Damerowstrase 14""}], ""title"": ""Form Details""}, {""rows"": [{""label"": ""Product Name"", ""value"": ""Hshs""}, {""label"": ""Product Size"", ""value"": """"}, {""label"": ""LOT / Serial Number"", ""value"": ""Hsbs""}, {""label"": ""Quantity"", ""value"": """"}, {""label"": ""Purchased From (Distributor)"", ""value"": ""Hss""}, {""label"": ""Country"", ""value"": ""Hshs""}], ""title"": ""Product Information""}, {""rows"": [{""label"": ""Complaint Type"", ""value"": ""Quality Issue""}, {""label"": ""Complaint Description"", ""value"": """"}, {""label"": ""Additional Information"", ""value"": """"}, {""label"": ""Primary Solution (If Provided)"", ""value"": ""No""}, {""label"": ""Comments On Solution"", ""value"": """"}], ""title"": ""Complaint Details""}, {""rows"": [{""label"": ""Should this complaint be reported to authorities?"", ""value"": ""No""}], ""title"": ""Regulatory Trigger""}], ""submission_id"": ""RN-20260113-1240"", ""submission_timestamp"": ""2026-01-13T11:40:53.806Z"", ""mail_ok"": true, ""mail_error"": """", ""dropbox_ok"": false, ""dropbox_error"": ""name 'upload_pdf_to_dropbox' is not defined"", ""customer_email"": ""likithjayaramgowda@gmail.com"", ""send_email"": true, ""send_to_customer"": true, ""_sections"": [{""rows"": [{""label"": ""First Name"", ""value"": ""Likith""}, {""label"": ""Last Name"", ""value"": ""Jayaram Gowda""}, {""label"": ""Phone Number"", ""value"": ""01748856263""}, {""label"": ""Email Address"", ""value"": ""likithjayaramgowda@gmail.com""}, {""label"": ""Address"", ""value"": ""Damerowstrase 14""}], ""title"": ""Form Details""}, {""rows"": [{""label"": ""Product Name"", ""value"": ""Hshs""}, {""label"": ""Product Size"", ""value"": """"}, {""label"": ""LOT / Serial Number"", ""value"": ""Hsbs""}, {""label"": ""Quantity"", ""value"": """"}, {""label"": ""Purchased From (Distributor)"", ""value"": ""Hss""}, {""label"": ""Country"", ""value"": ""Hshs""}], ""title"": ""Product Information""}, {""rows"": [{""label"": ""Complaint Type"", ""value"": ""Quality Issue""}, {""label"": ""Complaint Description"", ""value"": """"}, {""label"": ""Additional Information"", ""value"": """"}, {""label"": ""Primary Solution (If Provided)"", ""value"": ""No""}, {""label"": ""Comments On Solution"", ""value"": """"}], ""title"": ""Complaint Details""}, {""rows"": [{""label"": ""Should this complaint be reported to authorities?"", ""value"": ""No""}], ""title"": ""Regulatory Trigger""}]}"
CC2026-08,2026-01-13T14:18:21.861Z,2026-01-13T14:18:56.966490+00:00,"lab@redentnova.de, raz.flieshman@redentnova.de",likithjayaramgowda@gmail.com,Bsvs,Hsbs,Svdv,Product Defect,CC2026-08.pdf,,,https://github.com/lab-redentnova/Customer_cc/actions/runs/20960063280,"{""complaint_id"": ""RN-20260113-1518"", ""email_to"": [""lab@redentnova.de"", ""likithjayaramgowda@gmail.com""], ""sections"": [{""rows"": [{""label"": ""First Name"", ""value"": ""Likith""}, {""label"": ""Last Name"", ""value"": ""Jayaram Gowda""}, {""label"": ""Phone Number"", ""value"": ""01748856263""}, {""label"": ""Email Address"", ""value"": ""likithjayaramgowda@gmail.com""}, {""label"": ""Address"", ""value"": ""Damerowstrase 14""}], ""title"": ""Form Details""}, {""rows"": [{""label"": ""Product Name"", ""value"": ""Hsbs""}, {""label"": ""Product Size"", ""value"": """"}, {""label"": ""LOT / Serial Number"", ""value"": ""Svdv""}, {""label"": ""Quantity"", ""value"": """"}, {""label"": ""Purchased From (Distributor)"", ""value"": ""Bsvs""}, {""label"": ""Country"", ""value"": ""Bsvs ""}], ""title"": ""Product Information""}, {""rows"": [{""label"": ""Complaint Type"", ""value"": ""Product Defect""}, {""label"": ""Complaint Description"", ""value"": """"}, {""label"": ""Additional Information"", ""value"": """"}, {""label"": ""Primary Solution (If Provided)"", ""value"": ""No""}, {""label"": ""Comments On Solution"", ""value"": """"}], ""title"": ""Complaint Details""}, {""rows"": [{""label"": ""Should this complaint be reported to authorities?"", ""value"": ""No""}], ""title"": ""Regulatory Trigger""}], ""submission_id"": ""RN-20260113-1518"", ""submission_timestamp"": ""2026-01-13T14:18:21.861Z"", ""mail_ok"": true, ""mail_error"": """", ""dropbox_ok"": false, ""dropbox_error"": ""name 'upload_pdf_to_dropbox' is not defined"", ""customer_email"": ""likithjayaramgowda@gmail.com"", ""send_email"": false, ""send_to_customer"": false, ""_sections"": [{""rows"": [{""label"": ""First Name"", ""value"": ""Likith""}, {""label"": ""Last Name"", ""value"": ""Jayaram Gowda""}, {""label"": ""Phone Number"", ""value"": ""01748856263""}, {""label"": ""Email Address"", ""value"": ""likithjayaramgowda@gmail.com""}, {""label"": ""Address"", ""value"": ""Damerowstrase 14""}], ""title"": ""Form Details""}, {""rows"": [{""label"": ""Product Name"", ""value"": ""Hsbs""}, {""label"": ""Product Size"", ""value"": """"}, {""label"": ""LOT / Serial Number"", ""value"": ""Svdv""}, {""label"": ""Quantity"", ""value"": """"}, {""label"": ""Purchased From (Distributor)"", ""value"": ""Bsvs""}, {""label"": ""Country"", ""value"": ""Bsvs ""}], ""title"": ""Product Information""}, {""rows"": [{""label"": ""Complaint Type"", ""value"": ""Product Defect""}, {""label"": ""Complaint Description"", ""value"": """"}, {""label"": ""Additional Information"", ""value"": """"}, {""label"": ""Primary Solution (If Provided)"", ""value"": ""No""}, {""label"": ""Comments On Solution"", ""value"": """"}], ""title"": ""Complaint Details""}, {""rows"": [{""label"": ""Should this complaint be reported to authorities?"", ""value"": ""No""}], ""title"": ""Regulatory Trigger""}]}"
CC2026-09,2026-01-13T14:23:32.909Z,2026-01-13T14:23:50.966101+00:00,"lab@redentnova.de, raz.flieshman@redentnova.de",likithjayaramgowda@gmail.com,Hsbsv,Bsbs,Hshs,Product Defect,CC2026-09.pdf,,,https://github.com/lab-redentnova/Customer_cc/actions/runs/20960230057,"{""complaint_id"": ""RN-20260113-1523"", ""email_to"": [""lab@redentnova.de"", ""likithjayaramgowda@gmail.com""], ""sections"": [{""rows"": [{""label"": ""First Name"", ""value"": ""Likith""}, {""label"": ""Last Name"", ""value"": ""Jayaram Gowda""}, {""label"": ""Phone Number"", ""value"": ""01748856263""}, {""label"": ""Email Address"", ""value"": ""likithjayaramgowda@gmail.com""}, {""label"": ""Address"", ""value"": ""Damerowstrase 14""}], ""title"": ""Form Details""}, {""rows"": [{""label"": ""Product Name"", ""value"": ""Bsbs""}, {""label"": ""Product Size"", ""value"": """"}, {""label"": ""LOT / Serial Number"", ""value"": ""Hshs""}, {""label"": ""Quantity"", ""value"": """"}, {""label"": ""Purchased From (Distributor)"", ""value"": ""Bsbs""}, {""label"": ""Country"", ""value"": ""Hsbsv""}], ""title"": ""Product Information""}, {""rows"": [{""label"": ""Complaint Type"", ""value"": ""Product Defect""}, {""label"": ""Complaint Description"", ""value"": """"}, {""label"": ""Additional Information"", ""value"": """"}, {""label"": ""Primary Solution (If Provided)"", ""value"": ""No""}, {""label"": ""Comments On Solution"", ""value"": """"}], ""title"": ""Complaint Details""}, {""rows"": [{""label"": ""Should this complaint be reported to authorities?"", ""value"": ""No""}], ""title"": ""Regulatory Trigger""}], ""submission_id"": ""RN-20260113-1523"", ""submission_timestamp"": ""2026-01-13T14:23:32.909Z"", ""mail_ok"": true, ""mail_error"": """", ""dropbox_ok"": false, ""dropbox_error"": ""name 'upload_pdf_to_dropbox' is not defined"", ""customer_email"": ""likithjayaramgowda@gmail.com"", ""send_email"": false, ""send_to_customer"": false, ""_sections"": [{""rows"": [{""label"": ""First Name"", ""value"": ""Likith""}, {""label"": ""Last Name"", ""value"": ""Jayaram Gowda""}, {""label"": ""Phone Number"", ""value"": ""01748856263""}, {""label"": ""Email Address"", ""value"": ""likithjayaramgowda@gmail.com""}, {""label"": ""Address"", ""value"": ""Damerowstrase 14""}], ""title"": ""Form Details""}, {""rows"": [{""label"": ""Product Name"", ""value"": ""Bsbs""}, {""label"": ""Product Size"", ""value"": """"}, {""label"": ""LOT / Serial Number"", ""value"": ""Hshs""}, {""label"": ""Quantity"", ""value"": """"}, {""label"": ""Purchased From (Distributor)"", ""value"": ""Bsbs""}, {""label"": ""Country"", ""value"": ""Hsbsv""}], ""title"": ""Product Information""}, {""rows"": [{""label"": ""Complaint Type"", ""value"": ""Product Defect""}, {""label"": ""Complaint Description"", ""value"": """"}, {""label"": ""Additional Information"", ""value"": """"}, {""label"": ""Primary Solution (If Provided)"", ""value"": ""No""}, {""label"": ""Comments On Solution"", ""value"": """"}], ""title"": ""Complaint Details""}, {""rows"": [{""label"": ""Should this complaint be reported to authorities?"", ""value"": ""No""}], ""title"": ""Regulatory Trigger""}]}"
CC2026-10,2026-01-14T08:32:38.896Z,2026-01-14T08:36:21.671006+00:00,"lab@redentnova.de, raz.flieshman@redentnova.de",likithjayaramgowda@gmail.com,Hehe,Hshs,Gsgs,Quality Issue,CC2026-10.pdf,,,https://github.com/lab-redentnova/Customer_cc/actions/runs/20987572316,"{""complaint_id"": ""RN-20260114-0932"", ""email_to"": [""lab@redentnova.de"", ""likithjayaramgowda@gmail.com""], ""sections"": [{""rows"": [{""label"": ""First Name"", ""value"": ""Likith""}, {""label"": ""Last Name"", ""value"": ""Jayaram Gowda""}, {""label"": ""Phone Number"", ""value"": ""01748856263""}, {""label"": ""Email Address"", ""value"": ""likithjayaramgowda@gmail.com""}, {""label"": ""Address"", ""value"": ""Damerowstrase 14""}], ""title"": ""Form Details""}, {""rows"": [{""label"": ""Product Name"", ""value"": ""Hshs""}, {""label"": ""Product Size"", ""value"": """"}, {""label"": ""LOT / Serial Number"", ""value"": ""Gsgs""}, {""label"": ""Quantity"", ""value"": """"}, {""label"": ""Purchased From (Distributor)"", ""value"": ""Hebs""}, {""label"": ""Country"", ""value"": ""Hehe""}], ""title"": ""Product Information""}, {""rows"": [{""label"": ""Complaint Type"", ""value"": ""Quality Issue""}, {""label"": ""Complaint Description"", ""value"": """"}, {""label"": ""Additional Information"", ""value"": """"}, {""label"": ""Primary Solution (If Provided)"", ""value"": ""No""}, {""label"": ""Comments On Solution"", ""value"": """"}], ""title"": ""Complaint Details""}, {""rows"": [{""label"": ""Should this complaint be reported to authorities?"", ""value"": ""No""}], ""title"": ""Regulatory Trigger""}], ""submission_id"": ""RN-20260114-0932"", ""submission_timestamp"": ""2026-01-14T08:32:38.896Z"", ""mail_ok"": true, ""mail_error"": """", ""dropbox_ok"": false, ""dropbox_error"": ""name 'upload_pdf_to_dropbox' is not defined"", ""customer_email"": ""likithjayaramgowda@gmail.com"", ""send_email"": false, ""send_to_customer"": false, ""_sections"": [{""rows"": [{""label"": ""First Name"", ""value"": ""Likith""}, {""label"": ""Last Name"", ""value"": ""Jayaram Gowda""}, {""label"": ""Phone Number"", ""value"": ""01748856263""}, {""label"": ""Email Address"", ""value"": ""likithjayaramgowda@gmail.com""}, {""label"": ""Address"", ""value"": ""Damerowstrase 14""}], ""title"": ""Form Details""}, {""rows"": [{""label"": ""Product Name"", ""value"": ""Hshs""}, {""label"": ""Product Size"", ""value"": """"}, {""label"": ""LOT / Serial Number"", ""value"": ""Gsgs""}, {""label"": ""Quantity"", ""value"": """"}, {""label"": ""Purchased From (Distributor)"", ""value"": ""Hebs""}, {""label"": ""Country"", ""value"": ""Hehe""}], ""title"": ""Product Information""}, {""rows"": [{""label"": ""Complaint Type"", ""value"": ""Quality Issue""}, {""label"": ""Complaint Description"", ""value"": """"}, {""label"": ""Additional Information"", ""value"": """"}, {""label"": ""Primary Solution (If Provided)"", ""value"": ""No""}, {""label"": ""Comments On Solution"", ""value"": """"}], ""title"": ""Complaint Details""}, {""rows"": [{""label"": ""Should this complaint be reported to authorities?"", ""value"": ""No""}], ""title"": ""Regulatory Trigger""}]}"
<<<<<<< Updated upstream
<<<<<<< Updated upstream
CC2026-11,2026-01-14T11:44:34.763Z,2026-01-14T11:45:26.443401+00:00,"lab@redentnova.de, raz.flieshman@redentnova.de, emilin.varkey@redentnova.de, johannes.meyer-kobbe@redentnova.de, zeev.schreiber@redentnova.de, likithjayaramgowda@gmail.com",likithjayaramgowda@gmail.com,Sb,Bsb,Vsvs,Product Defect,CC2026-11.pdf,,,https://github.com/lab-redentnova/Customer_cc/actions/runs/20992893166,"{""complaint_id"": ""RN-20260114-1244"", ""email_to"": [[""lab@redentnova.de"", ""raz.flieshman@redentnova.de"", ""emilin.varkey@redentnova.de"", ""johannes.meyer-kobbe@redentnova.de"", ""zeev.schreiber@redentnova.de""], ""likithjayaramgowda@gmail.com""], ""sections"": [{""rows"": [{""label"": ""First Name"", ""value"": ""Likith""}, {""label"": ""Last Name"", ""value"": ""Jayaram Gowda""}, {""label"": ""Phone Number"", ""value"": ""01748856263""}, {""label"": ""Email Address"", ""value"": ""likithjayaramgowda@gmail.com""}, {""label"": ""Address"", ""value"": ""Damerowstrase 14""}], ""title"": ""Form Details""}, {""rows"": [{""label"": ""Product Name"", ""value"": ""Bsb""}, {""label"": ""Product Size"", ""value"": """"}, {""label"": ""LOT / Serial Number"", ""value"": ""Vsvs""}, {""label"": ""Quantity"", ""value"": """"}, {""label"": ""Purchased From (Distributor)"", ""value"": ""Hshs""}, {""label"": ""Country"", ""value"": "" Sb""}], ""title"": ""Product Information""}, {""rows"": [{""label"": ""Complaint Type"", ""value"": ""Product Defect""}, {""label"": ""Complaint Description"", ""value"": """"}, {""label"": ""Additional Information"", ""value"": """"}, {""label"": ""Primary Solution (If Provided)"", ""value"": ""No""}, {""label"": ""Comments On Solution"", ""value"": """"}], ""title"": ""Complaint Details""}, {""rows"": [{""label"": ""Should this complaint be reported to authorities?"", ""value"": ""No""}], ""title"": ""Regulatory Trigger""}], ""submission_id"": ""RN-20260114-1244"", ""submission_timestamp"": ""2026-01-14T11:44:34.763Z"", ""mail_ok"": false, ""mail_error"": ""(535, b'5.7.8 Username and Password not accepted. For more information, go to\\n5.7.8  https://support.google.com/mail/?p=BadCredentials 5b1f17b1804b1-47ee591933bsm23701345e9.15 - gsmtp')"", ""dropbox_ok"": false, ""dropbox_error"": ""name 'upload_pdf_to_dropbox' is not defined"", ""customer_email"": ""likithjayaramgowda@gmail.com"", ""send_email"": true, ""send_to_customer"": true, ""_sections"": [{""rows"": [{""label"": ""First Name"", ""value"": ""Likith""}, {""label"": ""Last Name"", ""value"": ""Jayaram Gowda""}, {""label"": ""Phone Number"", ""value"": ""01748856263""}, {""label"": ""Email Address"", ""value"": ""likithjayaramgowda@gmail.com""}, {""label"": ""Address"", ""value"": ""Damerowstrase 14""}], ""title"": ""Form Details""}, {""rows"": [{""label"": ""Product Name"", ""value"": ""Bsb""}, {""label"": ""Product Size"", ""value"": """"}, {""label"": ""LOT / Serial Number"", ""value"": ""Vsvs""}, {""label"": ""Quantity"", ""value"": """"}, {""label"": ""Purchased From (Distributor)"", ""value"": ""Hshs""}, {""label"": ""Country"", ""value"": "" Sb""}], ""title"": ""Product Information""}, {""rows"": [{""label"": ""Complaint Type"", ""value"": ""Product Defect""}, {""label"": ""Complaint Description"", ""value"": """"}, {""label"": ""Additional Information"", ""value"": """"}, {""label"": ""Primary Solution (If Provided)"", ""value"": ""No""}, {""label"": ""Comments On Solution"", ""value"": """"}], ""title"": ""Complaint Details""}, {""rows"": [{""label"": ""Should this complaint be reported to authorities?"", ""value"": ""No""}], ""title"": ""Regulatory Trigger""}]}"
=======
CC2026-11,2026-01-14T11:44:57.506Z,2026-01-14T11:46:14.381510+00:00,"lab@redentnova.de, raz.flieshman@redentnova.de, emilin.varkey@redentnova.de, johannes.meyer-kobbe@redentnova.de, zeev.schreiber@redentnova.de, likithjayaramgowda@gmail.com",likithjayaramgowda@gmail.com,Sb,Bsb,Vsvs,Product Defect,CC2026-11.pdf,,,https://github.com/lab-redentnova/Customer_cc/actions/runs/20992904252,"{""complaint_id"": ""RN-20260114-1244"", ""email_to"": [[""lab@redentnova.de"", ""raz.flieshman@redentnova.de"", ""emilin.varkey@redentnova.de"", ""johannes.meyer-kobbe@redentnova.de"", ""zeev.schreiber@redentnova.de""], ""likithjayaramgowda@gmail.com""], ""sections"": [{""rows"": [{""label"": ""First Name"", ""value"": ""Likith""}, {""label"": ""Last Name"", ""value"": ""Jayaram Gowda""}, {""label"": ""Phone Number"", ""value"": ""01748856263""}, {""label"": ""Email Address"", ""value"": ""likithjayaramgowda@gmail.com""}, {""label"": ""Address"", ""value"": ""Damerowstrase 14""}], ""title"": ""Form Details""}, {""rows"": [{""label"": ""Product Name"", ""value"": ""Bsb""}, {""label"": ""Product Size"", ""value"": """"}, {""label"": ""LOT / Serial Number"", ""value"": ""Vsvs""}, {""label"": ""Quantity"", ""value"": """"}, {""label"": ""Purchased From (Distributor)"", ""value"": ""Hshs""}, {""label"": ""Country"", ""value"": "" Sb""}], ""title"": ""Product Information""}, {""rows"": [{""label"": ""Complaint Type"", ""value"": ""Product Defect""}, {""label"": ""Complaint Description"", ""value"": """"}, {""label"": ""Additional Information"", ""value"": """"}, {""label"": ""Primary Solution (If Provided)"", ""value"": ""No""}, {""label"": ""Comments On Solution"", ""value"": """"}], ""title"": ""Complaint Details""}, {""rows"": [{""label"": ""Should this complaint be reported to authorities?"", ""value"": ""No""}], ""title"": ""Regulatory Trigger""}], ""submission_id"": ""RN-20260114-1244"", ""submission_timestamp"": ""2026-01-14T11:44:57.506Z"", ""mail_ok"": false, ""mail_error"": ""(535, b'5.7.8 Username and Password not accepted. For more information, go to\\n5.7.8  https://support.google.com/mail/?p=BadCredentials 5b1f17b1804b1-47ee273043esm20264735e9.2 - gsmtp')"", ""dropbox_ok"": false, ""dropbox_error"": ""name 'upload_pdf_to_dropbox' is not defined"", ""customer_email"": ""likithjayaramgowda@gmail.com"", ""send_email"": true, ""send_to_customer"": true, ""_sections"": [{""rows"": [{""label"": ""First Name"", ""value"": ""Likith""}, {""label"": ""Last Name"", ""value"": ""Jayaram Gowda""}, {""label"": ""Phone Number"", ""value"": ""01748856263""}, {""label"": ""Email Address"", ""value"": ""likithjayaramgowda@gmail.com""}, {""label"": ""Address"", ""value"": ""Damerowstrase 14""}], ""title"": ""Form Details""}, {""rows"": [{""label"": ""Product Name"", ""value"": ""Bsb""}, {""label"": ""Product Size"", ""value"": """"}, {""label"": ""LOT / Serial Number"", ""value"": ""Vsvs""}, {""label"": ""Quantity"", ""value"": """"}, {""label"": ""Purchased From (Distributor)"", ""value"": ""Hshs""}, {""label"": ""Country"", ""value"": "" Sb""}], ""title"": ""Product Information""}, {""rows"": [{""label"": ""Complaint Type"", ""value"": ""Product Defect""}, {""label"": ""Complaint Description"", ""value"": """"}, {""label"": ""Additional Information"", ""value"": """"}, {""label"": ""Primary Solution (If Provided)"", ""value"": ""No""}, {""label"": ""Comments On Solution"", ""value"": """"}], ""title"": ""Complaint Details""}, {""rows"": [{""label"": ""Should this complaint be reported to authorities?"", ""value"": ""No""}], ""title"": ""Regulatory Trigger""}]}"
>>>>>>> Stashed changes
=======
CC2026-11,2026-01-14T11:44:57.506Z,2026-01-14T12:37:51.241483+00:00,"lab@redentnova.de, raz.flieshman@redentnova.de, emilin.varkey@redentnova.de, johannes.meyer-kobbe@redentnova.de, zeev.schreiber@redentnova.de, likithjayaramgowda@gmail.com",likithjayaramgowda@gmail.com,Sb,Bsb,Vsvs,Product Defect,CC2026-11.pdf,,,https://github.com/lab-redentnova/Customer_cc/actions/runs/20992904252,"{""complaint_id"": ""RN-20260114-1244"", ""email_to"": [[""lab@redentnova.de"", ""raz.flieshman@redentnova.de"", ""emilin.varkey@redentnova.de"", ""johannes.meyer-kobbe@redentnova.de"", ""zeev.schreiber@redentnova.de""], ""likithjayaramgowda@gmail.com""], ""sections"": [{""rows"": [{""label"": ""First Name"", ""value"": ""Likith""}, {""label"": ""Last Name"", ""value"": ""Jayaram Gowda""}, {""label"": ""Phone Number"", ""value"": ""01748856263""}, {""label"": ""Email Address"", ""value"": ""likithjayaramgowda@gmail.com""}, {""label"": ""Address"", ""value"": ""Damerowstrase 14""}], ""title"": ""Form Details""}, {""rows"": [{""label"": ""Product Name"", ""value"": ""Bsb""}, {""label"": ""Product Size"", ""value"": """"}, {""label"": ""LOT / Serial Number"", ""value"": ""Vsvs""}, {""label"": ""Quantity"", ""value"": """"}, {""label"": ""Purchased From (Distributor)"", ""value"": ""Hshs""}, {""label"": ""Country"", ""value"": "" Sb""}], ""title"": ""Product Information""}, {""rows"": [{""label"": ""Complaint Type"", ""value"": ""Product Defect""}, {""label"": ""Complaint Description"", ""value"": """"}, {""label"": ""Additional Information"", ""value"": """"}, {""label"": ""Primary Solution (If Provided)"", ""value"": ""No""}, {""label"": ""Comments On Solution"", ""value"": """"}], ""title"": ""Complaint Details""}, {""rows"": [{""label"": ""Should this complaint be reported to authorities?"", ""value"": ""No""}], ""title"": ""Regulatory Trigger""}], ""submission_id"": ""RN-20260114-1244"", ""submission_timestamp"": ""2026-01-14T11:44:57.506Z"", ""mail_ok"": true, ""mail_error"": """", ""dropbox_ok"": false, ""dropbox_error"": ""name 'upload_pdf_to_dropbox' is not defined"", ""customer_email"": ""likithjayaramgowda@gmail.com"", ""send_email"": true, ""send_to_customer"": true, ""_sections"": [{""rows"": [{""label"": ""First Name"", ""value"": ""Likith""}, {""label"": ""Last Name"", ""value"": ""Jayaram Gowda""}, {""label"": ""Phone Number"", ""value"": ""01748856263""}, {""label"": ""Email Address"", ""value"": ""likithjayaramgowda@gmail.com""}, {""label"": ""Address"", ""value"": ""Damerowstrase 14""}], ""title"": ""Form Details""}, {""rows"": [{""label"": ""Product Name"", ""value"": ""Bsb""}, {""label"": ""Product Size"", ""value"": """"}, {""label"": ""LOT / Serial Number"", ""value"": ""Vsvs""}, {""label"": ""Quantity"", ""value"": """"}, {""label"": ""Purchased From (Distributor)"", ""value"": ""Hshs""}, {""label"": ""Country"", ""value"": "" Sb""}], ""title"": ""Product Information""}, {""rows"": [{""label"": ""Complaint Type"", ""value"": ""Product Defect""}, {""label"": ""Complaint Description"", ""value"": """"}, {""label"": ""Additional Information"", ""value"": """"}, {""label"": ""Primary Solution (If Provided)"", ""value"": ""No""}, {""label"": ""Comments On Solution"", ""value"": """"}], ""title"": ""Complaint Details""}, {""rows"": [{""label"": ""Should this complaint be reported to authorities?"", ""value"": ""No""}], ""title"": ""Regulatory Trigger""}]}"
>>>>>>> Stashed changes
CC2026-12,2026-01-14T12:56:01.751Z,2026-01-14T12:57:03.506785+00:00,"lab@redentnova.de, raz.flieshman@redentnova.de, emilin.varkey@redentnova.de, johannes.meyer-kobbe@redentnova.de, zeev.schreiber@redentnova.de, likithjayaramgowda@gmail.com",likithjayaramgowda@gmail.com,Hbs,Hzvz,Habs,Product Defect,CC2026-12.pdf,,,https://github.com/lab-redentnova/Customer_cc/actions/runs/20994861456,"{""complaint_id"": ""RN-20260114-1356"", ""email_to"": [[""lab@redentnova.de"", ""raz.flieshman@redentnova.de"", ""emilin.varkey@redentnova.de"", ""johannes.meyer-kobbe@redentnova.de"", ""zeev.schreiber@redentnova.de""], ""likithjayaramgowda@gmail.com""], ""sections"": [{""rows"": [{""label"": ""First Name"", ""value"": ""Likith""}, {""label"": ""Last Name"", ""value"": ""Jayaram Gowda""}, {""label"": ""Phone Number"", ""value"": ""01748856263""}, {""label"": ""Email Address"", ""value"": ""likithjayaramgowda@gmail.com""}, {""label"": ""Address"", ""value"": ""Damerowstraße 14A""}], ""title"": ""Form Details""}, {""rows"": [{""label"": ""Product Name"", ""value"": ""Hzvz""}, {""label"": ""Product Size"", ""value"": """"}, {""label"": ""LOT / Serial Number"", ""value"": ""Habs""}, {""label"": ""Quantity"", ""value"": ""Babz""}, {""label"": ""Purchased From (Distributor)"", ""value"": ""Hsbs""}, {""label"": ""Country"", ""value"": ""Hbs""}], ""title"": ""Product Information""}, {""rows"": [{""label"": ""Complaint Type"", ""value"": ""Product Defect""}, {""label"": ""Complaint Description"", ""value"": """"}, {""label"": ""Additional Information"", ""value"": """"}, {""label"": ""Primary Solution (If Provided)"", ""value"": ""No""}, {""label"": ""Comments On Solution"", ""value"": """"}], ""title"": ""Complaint Details""}, {""rows"": [{""label"": ""Should this complaint be reported to authorities?"", ""value"": ""No""}], ""title"": ""Regulatory Trigger""}], ""submission_id"": ""RN-20260114-1356"", ""submission_timestamp"": ""2026-01-14T12:56:01.751Z"", ""mail_ok"": true, ""mail_error"": """", ""dropbox_ok"": false, ""dropbox_error"": ""name 'upload_pdf_to_dropbox' is not defined"", ""customer_email"": ""likithjayaramgowda@gmail.com"", ""send_email"": false, ""send_to_customer"": true, ""_sections"": [{""rows"": [{""label"": ""First Name"", ""value"": ""Likith""}, {""label"": ""Last Name"", ""value"": ""Jayaram Gowda""}, {""label"": ""Phone Number"", ""value"": ""01748856263""}, {""label"": ""Email Address"", ""value"": ""likithjayaramgowda@gmail.com""}, {""label"": ""Address"", ""value"": ""Damerowstraße 14A""}], ""title"": ""Form Details""}, {""rows"": [{""label"": ""Product Name"", ""value"": ""Hzvz""}, {""label"": ""Product Size"", ""value"": """"}, {""label"": ""LOT / Serial Number"", ""value"": ""Habs""}, {""label"": ""Quantity"", ""value"": ""Babz""}, {""label"": ""Purchased From (Distributor)"", ""value"": ""Hsbs""}, {""label"": ""Country"", ""value"": ""Hbs""}], ""title"": ""Product Information""}, {""rows"": [{""label"": ""Complaint Type"", ""value"": ""Product Defect""}, {""label"": ""Complaint Description"", ""value"": """"}, {""label"": ""Additional Information"", ""value"": """"}, {""label"": ""Primary Solution (If Provided)"", ""value"": ""No""}, {""label"": ""Comments On Solution"", ""value"": """"}], ""title"": ""Complaint Details""}, {""rows"": [{""label"": ""Should this complaint be reported to authorities?"", ""value"": ""No""}], ""title"": ""Regulatory Trigger""}]}"
CC2026-13,2026-01-14T13:00:22.868Z,2026-01-14T13:01:00.860298+00:00,"lab@redentnova.de, raz.flieshman@redentnova.de, emilin.varkey@redentnova.de, johannes.meyer-kobbe@redentnova.de, zeev.schreiber@redentnova.de, burak.yigitbasi@redentnova.de",burak.yigitbasi@redentnova.de,sdf,dfs,sdf,Product Defect,CC2026-13.pdf,,,https://github.com/lab-redentnova/Customer_cc/actions/runs/20994989059,"{""complaint_id"": ""RN-20260114-1400"", ""email_to"": [[""lab@redentnova.de"", ""raz.flieshman@redentnova.de"", ""emilin.varkey@redentnova.de"", ""johannes.meyer-kobbe@redentnova.de"", ""zeev.schreiber@redentnova.de""], ""burak.yigitbasi@redentnova.de""], ""sections"": [{""rows"": [{""label"": ""First Name"", ""value"": ""hca""}, {""label"": ""Last Name"", ""value"": ""ghjd""}, {""label"": ""Phone Number"", ""value"": ""jg""}, {""label"": ""Email Address"", ""value"": ""burak.yigitbasi@redentnova.de""}, {""label"": ""Address"", ""value"": """"}], ""title"": ""Form Details""}, {""rows"": [{""label"": ""Product Name"", ""value"": ""dfs""}, {""label"": ""Product Size"", ""value"": """"}, {""label"": ""LOT / Serial Number"", ""value"": ""sdf""}, {""label"": ""Quantity"", ""value"": """"}, {""label"": ""Purchased From (Distributor)"", ""value"": ""sdf""}, {""label"": ""Country"", ""value"": ""sdf""}], ""title"": ""Product Information""}, {""rows"": [{""label"": ""Complaint Type"", ""value"": ""Product Defect""}, {""label"": ""Complaint Description"", ""value"": """"}, {""label"": ""Additional Information"", ""value"": """"}, {""label"": ""Primary Solution (If Provided)"", ""value"": ""No""}, {""label"": ""Comments On Solution"", ""value"": """"}], ""title"": ""Complaint Details""}, {""rows"": [{""label"": ""Should this complaint be reported to authorities?"", ""value"": ""No""}], ""title"": ""Regulatory Trigger""}], ""submission_id"": ""RN-20260114-1400"", ""submission_timestamp"": ""2026-01-14T13:00:22.868Z"", ""mail_ok"": true, ""mail_error"": """", ""dropbox_ok"": false, ""dropbox_error"": ""name 'upload_pdf_to_dropbox' is not defined"", ""customer_email"": ""burak.yigitbasi@redentnova.de"", ""send_email"": false, ""send_to_customer"": true, ""_sections"": [{""rows"": [{""label"": ""First Name"", ""value"": ""hca""}, {""label"": ""Last Name"", ""value"": ""ghjd""}, {""label"": ""Phone Number"", ""value"": ""jg""}, {""label"": ""Email Address"", ""value"": ""burak.yigitbasi@redentnova.de""}, {""label"": ""Address"", ""value"": """"}], ""title"": ""Form Details""}, {""rows"": [{""label"": ""Product Name"", ""value"": ""dfs""}, {""label"": ""Product Size"", ""value"": """"}, {""label"": ""LOT / Serial Number"", ""value"": ""sdf""}, {""label"": ""Quantity"", ""value"": """"}, {""label"": ""Purchased From (Distributor)"", ""value"": ""sdf""}, {""label"": ""Country"", ""value"": ""sdf""}], ""title"": ""Product Information""}, {""rows"": [{""label"": ""Complaint Type"", ""value"": ""Product Defect""}, {""label"": ""Complaint Description"", ""value"": """"}, {""label"": ""Additional Information"", ""value"": """"}, {""label"": ""Primary Solution (If Provided)"", ""value"": ""No""}, {""label"": ""Comments On Solution"", ""value"": """"}], ""title"": ""Complaint Details""}, {""rows"": [{""label"": ""Should this complaint be reported to authorities?"", ""value"": ""No""}], ""title"": ""Regulatory Trigger""}]}"
CC2026-14,2026-01-14T13:05:37.729Z,2026-01-14T13:06:14.884502+00:00,"lab@redentnova.de, raz.flieshman@redentnova.de, emilin.varkey@redentnova.de, johannes.meyer-kobbe@redentnova.de, zeev.schreiber@redentnova.de, burak.yigitbasi@redentnova.de",burak.yigitbasi@redentnova.de,pow,a,a,Packaging Issue,CC2026-14.pdf,,,https://github.com/lab-redentnova/Customer_cc/actions/runs/20995144666,"{""complaint_id"": ""RN-20260114-1405"", ""email_to"": [[""lab@redentnova.de"", ""raz.flieshman@redentnova.de"", ""emilin.varkey@redentnova.de"", ""johannes.meyer-kobbe@redentnova.de"", ""zeev.schreiber@redentnova.de""], ""burak.yigitbasi@redentnova.de""], ""sections"": [{""rows"": [{""label"": ""First Name"", ""value"": ""a""}, {""label"": ""Last Name"", ""value"": ""a""}, {""label"": ""Phone Number"", ""value"": """"}, {""label"": ""Email Address"", ""value"": ""burak.yigitbasi@redentnova.de""}, {""label"": ""Address"", ""value"": """"}], ""title"": ""Form Details""}, {""rows"": [{""label"": ""Product Name"", ""value"": ""a""}, {""label"": ""Product Size"", ""value"": """"}, {""label"": ""LOT / Serial Number"", ""value"": ""a""}, {""label"": ""Quantity"", ""value"": """"}, {""label"": ""Purchased From (Distributor)"", ""value"": ""boom""}, {""label"": ""Country"", ""value"": ""pow""}], ""title"": ""Product Information""}, {""rows"": [{""label"": ""Complaint Type"", ""value"": ""Packaging Issue""}, {""label"": ""Complaint Description"", ""value"": """"}, {""label"": ""Additional Information"", ""value"": """"}, {""label"": ""Primary Solution (If Provided)"", ""value"": ""No""}, {""label"": ""Comments On Solution"", ""value"": """"}], ""title"": ""Complaint Details""}, {""rows"": [{""label"": ""Should this complaint be reported to authorities?"", ""value"": ""No""}], ""title"": ""Regulatory Trigger""}], ""submission_id"": ""RN-20260114-1405"", ""submission_timestamp"": ""2026-01-14T13:05:37.729Z"", ""mail_ok"": true, ""mail_error"": """", ""dropbox_ok"": false, ""dropbox_error"": ""name 'upload_pdf_to_dropbox' is not defined"", ""customer_email"": ""burak.yigitbasi@redentnova.de"", ""send_email"": true, ""send_to_customer"": true, ""_sections"": [{""rows"": [{""label"": ""First Name"", ""value"": ""a""}, {""label"": ""Last Name"", ""value"": ""a""}, {""label"": ""Phone Number"", ""value"": """"}, {""label"": ""Email Address"", ""value"": ""burak.yigitbasi@redentnova.de""}, {""label"": ""Address"", ""value"": """"}], ""title"": ""Form Details""}, {""rows"": [{""label"": ""Product Name"", ""value"": ""a""}, {""label"": ""Product Size"", ""value"": """"}, {""label"": ""LOT / Serial Number"", ""value"": ""a""}, {""label"": ""Quantity"", ""value"": """"}, {""label"": ""Purchased From (Distributor)"", ""value"": ""boom""}, {""label"": ""Country"", ""value"": ""pow""}], ""title"": ""Product Information""}, {""rows"": [{""label"": ""Complaint Type"", ""value"": ""Packaging Issue""}, {""label"": ""Complaint Description"", ""value"": """"}, {""label"": ""Additional Information"", ""value"": """"}, {""label"": ""Primary Solution (If Provided)"", ""value"": ""No""}, {""label"": ""Comments On Solution"", ""value"": """"}], ""title"": ""Complaint Details""}, {""rows"": [{""label"": ""Should this complaint be reported to authorities?"", ""value"": ""No""}], ""title"": ""Regulatory Trigger""}]}"
CC2026-15,2026-02-03T16:18:18.351Z,2026-02-03T16:19:53.352002+00:00,"lab@redentnova.de, raz.flieshman@redentnova.de, emilin.varkey@redentnova.de, johannes.meyer-kobbe@redentnova.de, zeev.schreiber@redentnova.de, burak.yigitbasi@redentnova.de",burak.yigitbasi@redentnova.de,pow,a,a,Packaging Issue,CC2026-15.pdf,,,https://github.com/lab-redentnova/Customer_cc/actions/runs/21638065058,"{""complaint_id"": ""RN-20260203-1718"", ""email_to"": [[""lab@redentnova.de"", ""raz.flieshman@redentnova.de"", ""emilin.varkey@redentnova.de"", ""johannes.meyer-kobbe@redentnova.de"", ""zeev.schreiber@redentnova.de""], ""burak.yigitbasi@redentnova.de""], ""sections"": [{""rows"": [{""label"": ""First Name"", ""value"": ""a""}, {""label"": ""Last Name"", ""value"": ""a""}, {""label"": ""Phone Number"", ""value"": """"}, {""label"": ""Email Address"", ""value"": ""burak.yigitbasi@redentnova.de""}, {""label"": ""Address"", ""value"": """"}], ""title"": ""Form Details""}, {""rows"": [{""label"": ""Product Name"", ""value"": ""a""}, {""label"": ""Product Size"", ""value"": """"}, {""label"": ""LOT / Serial Number"", ""value"": ""a""}, {""label"": ""Quantity"", ""value"": """"}, {""label"": ""Purchased From (Distributor)"", ""value"": ""boom""}, {""label"": ""Country"", ""value"": ""pow""}], ""title"": ""Product Information""}, {""rows"": [{""label"": ""Complaint Type"", ""value"": ""Packaging Issue""}, {""label"": ""Complaint Description"", ""value"": """"}, {""label"": ""Additional Information"", ""value"": """"}, {""label"": ""Primary Solution (If Provided)"", ""value"": ""No""}, {""label"": ""Comments On Solution"", ""value"": """"}], ""title"": ""Complaint Details""}, {""rows"": [{""label"": ""Should this complaint be reported to authorities?"", ""value"": ""No""}], ""title"": ""Regulatory Trigger""}], ""submission_id"": ""RN-20260203-1718"", ""submission_timestamp"": ""2026-02-03T16:18:18.351Z"", ""mail_ok"": true, ""mail_error"": """", ""dropbox_ok"": false, ""dropbox_error"": ""name 'upload_pdf_to_dropbox' is not defined"", ""customer_email"": ""burak.yigitbasi@redentnova.de"", ""send_email"": true, ""send_to_customer"": true, ""_sections"": [{""rows"": [{""label"": ""First Name"", ""value"": ""a""}, {""label"": ""Last Name"", ""value"": ""a""}, {""label"": ""Phone Number"", ""value"": """"}, {""label"": ""Email Address"", ""value"": ""burak.yigitbasi@redentnova.de""}, {""label"": ""Address"", ""value"": """"}], ""title"": ""Form Details""}, {""rows"": [{""label"": ""Product Name"", ""value"": ""a""}, {""label"": ""Product Size"", ""value"": """"}, {""label"": ""LOT / Serial Number"", ""value"": ""a""}, {""label"": ""Quantity"", ""value"": """"}, {""label"": ""Purchased From (Distributor)"", ""value"": ""boom""}, {""label"": ""Country"", ""value"": ""pow""}], ""title"": ""Product Information""}, {""rows"": [{""label"": ""Complaint Type"", ""value"": ""Packaging Issue""}, {""label"": ""Complaint Description"", ""value"": """"}, {""label"": ""Additional Information"", ""value"": """"}, {""label"": ""Primary Solution (If Provided)"", ""value"": ""No""}, {""label"": ""Comments On Solution"", ""value"": """"}], ""title"": ""Complaint Details""}, {""rows"": [{""label"": ""Should this complaint be reported to authorities?"", ""value"": ""No""}], ""title"": ""Regulatory Trigger""}]}"
CC2026-16,2026-02-03T16:32:48.153Z,2026-02-03T16:33:18.096218+00:00,"lab@redentnova.de, raz.flieshman@redentnova.de, emilin.varkey@redentnova.de, johannes.meyer-kobbe@redentnova.de, zeev.schreiber@redentnova.de, burak.yigitbasi@redentnova.de",burak.yigitbasi@redentnova.de,pow,a,a,Packaging Issue,CC2026-16.pdf,,,https://github.com/lab-redentnova/Customer_cc/actions/runs/21638582879,"{""complaint_id"": ""RN-20260203-1732"", ""email_to"": [[""lab@redentnova.de"", ""raz.flieshman@redentnova.de"", ""emilin.varkey@redentnova.de"", ""johannes.meyer-kobbe@redentnova.de"", ""zeev.schreiber@redentnova.de""], ""burak.yigitbasi@redentnova.de""], ""sections"": [{""rows"": [{""label"": ""First Name"", ""value"": ""a""}, {""label"": ""Last Name"", ""value"": ""a""}, {""label"": ""Phone Number"", ""value"": """"}, {""label"": ""Email Address"", ""value"": ""burak.yigitbasi@redentnova.de""}, {""label"": ""Address"", ""value"": """"}], ""title"": ""Form Details""}, {""rows"": [{""label"": ""Product Name"", ""value"": ""a""}, {""label"": ""Product Size"", ""value"": """"}, {""label"": ""LOT / Serial Number"", ""value"": ""a""}, {""label"": ""Quantity"", ""value"": """"}, {""label"": ""Purchased From (Distributor)"", ""value"": ""boom""}, {""label"": ""Country"", ""value"": ""pow""}], ""title"": ""Product Information""}, {""rows"": [{""label"": ""Complaint Type"", ""value"": ""Packaging Issue""}, {""label"": ""Complaint Description"", ""value"": """"}, {""label"": ""Additional Information"", ""value"": """"}, {""label"": ""Primary Solution (If Provided)"", ""value"": ""No""}, {""label"": ""Comments On Solution"", ""value"": """"}], ""title"": ""Complaint Details""}, {""rows"": [{""label"": ""Should this complaint be reported to authorities?"", ""value"": ""No""}], ""title"": ""Regulatory Trigger""}], ""submission_id"": ""RN-20260203-1732"", ""submission_timestamp"": ""2026-02-03T16:32:48.153Z"", ""mail_ok"": true, ""mail_error"": """", ""dropbox_ok"": false, ""dropbox_error"": ""name 'upload_pdf_to_dropbox' is not defined"", ""customer_email"": ""burak.yigitbasi@redentnova.de"", ""send_email"": true, ""send_to_customer"": true, ""_sections"": [{""rows"": [{""label"": ""First Name"", ""value"": ""a""}, {""label"": ""Last Name"", ""value"": ""a""}, {""label"": ""Phone Number"", ""value"": """"}, {""label"": ""Email Address"", ""value"": ""burak.yigitbasi@redentnova.de""}, {""label"": ""Address"", ""value"": """"}], ""title"": ""Form Details""}, {""rows"": [{""label"": ""Product Name"", ""value"": ""a""}, {""label"": ""Product Size"", ""value"": """"}, {""label"": ""LOT / Serial Number"", ""value"": ""a""}, {""label"": ""Quantity"", ""value"": """"}, {""label"": ""Purchased From (Distributor)"", ""value"": ""boom""}, {""label"": ""Country"", ""value"": ""pow""}], ""title"": ""Product Information""}, {""rows"": [{""label"": ""Complaint Type"", ""value"": ""Packaging Issue""}, {""label"": ""Complaint Description"", ""value"": """"}, {""label"": ""Additional Information"", ""value"": """"}, {""label"": ""Primary Solution (If Provided)"", ""value"": ""No""}, {""label"": ""Comments On Solution"", ""value"": """"}], ""title"": ""Complaint Details""}, {""rows"": [{""label"": ""Should this complaint be reported to authorities?"", ""value"": ""No""}], ""title"": ""Regulatory Trigger""}]}"
CC2026-17,2026-02-03T16:54:31.596Z,2026-02-03T16:54:58.648253+00:00,"lab@redentnova.de, raz.flieshman@redentnova.de, emilin.varkey@redentnova.de, johannes.meyer-kobbe@redentnova.de, zeev.schreiber@redentnova.de, likithjayaramgowda@gmail.com",likithjayaramgowda@gmail.com,Bsbd,Hshd,Shsb,Product Defect,CC2026-17.pdf,,,https://github.com/lab-redentnova/Customer_cc/actions/runs/21639367719,"{""complaint_id"": ""RN-20260203-1754"", ""email_to"": [[""lab@redentnova.de"", ""raz.flieshman@redentnova.de"", ""emilin.varkey@redentnova.de"", ""johannes.meyer-kobbe@redentnova.de"", ""zeev.schreiber@redentnova.de""], ""likithjayaramgowda@gmail.com""], ""sections"": [{""rows"": [{""label"": ""First Name"", ""value"": ""Likith""}, {""label"": ""Last Name"", ""value"": ""Jayaram Gowda""}, {""label"": ""Phone Number"", ""value"": ""01748856263""}, {""label"": ""Email Address"", ""value"": ""likithjayaramgowda@gmail.com""}, {""label"": ""Address"", ""value"": ""Damerowstrase 14""}], ""title"": ""Form Details""}, {""rows"": [{""label"": ""Product Name"", ""value"": ""Hshd""}, {""label"": ""Product Size"", ""value"": """"}, {""label"": ""LOT / Serial Number"", ""value"": ""Shsb""}, {""label"": ""Quantity"", ""value"": """"}, {""label"": ""Purchased From (Distributor)"", ""value"": ""Bsbs""}, {""label"": ""Country"", ""value"": ""Bsbd""}], ""title"": ""Product Information""}, {""rows"": [{""label"": ""Complaint Type"", ""value"": ""Product Defect""}, {""label"": ""Complaint Description"", ""value"": """"}, {""label"": ""Additional Information"", ""value"": """"}, {""label"": ""Primary Solution (If Provided)"", ""value"": ""No""}, {""label"": ""Comments On Solution"", ""value"": """"}], ""title"": ""Complaint Details""}, {""rows"": [{""label"": ""Should this complaint be reported to authorities?"", ""value"": ""No""}], ""title"": ""Regulatory Trigger""}], ""submission_id"": ""RN-20260203-1754"", ""submission_timestamp"": ""2026-02-03T16:54:31.596Z"", ""mail_ok"": true, ""mail_error"": """", ""dropbox_ok"": false, ""dropbox_error"": ""name 'upload_pdf_to_dropbox' is not defined"", ""customer_email"": ""likithjayaramgowda@gmail.com"", ""send_email"": true, ""send_to_customer"": true, ""_sections"": [{""rows"": [{""label"": ""First Name"", ""value"": ""Likith""}, {""label"": ""Last Name"", ""value"": ""Jayaram Gowda""}, {""label"": ""Phone Number"", ""value"": ""01748856263""}, {""label"": ""Email Address"", ""value"": ""likithjayaramgowda@gmail.com""}, {""label"": ""Address"", ""value"": ""Damerowstrase 14""}], ""title"": ""Form Details""}, {""rows"": [{""label"": ""Product Name"", ""value"": ""Hshd""}, {""label"": ""Product Size"", ""value"": """"}, {""label"": ""LOT / Serial Number"", ""value"": ""Shsb""}, {""label"": ""Quantity"", ""value"": """"}, {""label"": ""Purchased From (Distributor)"", ""value"": ""Bsbs""}, {""label"": ""Country"", ""value"": ""Bsbd""}], ""title"": ""Product Information""}, {""rows"": [{""label"": ""Complaint Type"", ""value"": ""Product Defect""}, {""label"": ""Complaint Description"", ""value"": """"}, {""label"": ""Additional Information"", ""value"": """"}, {""label"": ""Primary Solution (If Provided)"", ""value"": ""No""}, {""label"": ""Comments On Solution"", ""value"": """"}], ""title"": ""Complaint Details""}, {""rows"": [{""label"": ""Should this complaint be reported to authorities?"", ""value"": ""No""}], ""title"": ""Regulatory Trigger""}]}"
CC2026-18,2026-02-04T09:13:28.525Z,2026-02-04T09:13:55.542958+00:00,"lab@redentnova.de, raz.flieshman@redentnova.de, emilin.varkey@redentnova.de, johannes.meyer-kobbe@redentnova.de, zeev.schreiber@redentnova.de, likithjayaramgowda@gmail.com",likithjayaramgowda@gmail.com,Hshs,Hshs,Hshs,Product Defect,CC2026-18.pdf,,,https://github.com/lab-redentnova/Customer_cc/actions/runs/21665500681,"{""complaint_id"": ""RN-20260204-1013"", ""email_to"": [[""lab@redentnova.de"", ""raz.flieshman@redentnova.de"", ""emilin.varkey@redentnova.de"", ""johannes.meyer-kobbe@redentnova.de"", ""zeev.schreiber@redentnova.de""], ""likithjayaramgowda@gmail.com""], ""sections"": [{""rows"": [{""label"": ""First Name"", ""value"": ""Likith""}, {""label"": ""Last Name"", ""value"": ""Jayaram Gowda""}, {""label"": ""Phone Number"", ""value"": ""01748856263""}, {""label"": ""Email Address"", ""value"": ""likithjayaramgowda@gmail.com""}, {""label"": ""Address"", ""value"": ""Damerowstraße 14, C/o Balan""}], ""title"": ""Form Details""}, {""rows"": [{""label"": ""Product Name"", ""value"": ""Hshs""}, {""label"": ""Product Size"", ""value"": """"}, {""label"": ""LOT / Serial Number"", ""value"": ""Hshs""}, {""label"": ""Quantity"", ""value"": """"}, {""label"": ""Purchased From (Distributor)"", ""value"": ""Hshs""}, {""label"": ""Country"", ""value"": ""Hshs""}], ""title"": ""Product Information""}, {""rows"": [{""label"": ""Complaint Type"", ""value"": ""Product Defect""}, {""label"": ""Complaint Description"", ""value"": """"}, {""label"": ""Additional Information"", ""value"": """"}, {""label"": ""Primary Solution (If Provided)"", ""value"": ""No""}, {""label"": ""Comments On Solution"", ""value"": """"}], ""title"": ""Complaint Details""}, {""rows"": [{""label"": ""Should this complaint be reported to authorities?"", ""value"": ""No""}], ""title"": ""Regulatory Trigger""}], ""submission_id"": ""RN-20260204-1013"", ""submission_timestamp"": ""2026-02-04T09:13:28.525Z"", ""mail_ok"": true, ""mail_error"": """", ""dropbox_ok"": false, ""dropbox_error"": ""name 'upload_pdf_to_dropbox' is not defined"", ""customer_email"": ""likithjayaramgowda@gmail.com"", ""send_email"": false, ""send_to_customer"": true, ""_sections"": [{""rows"": [{""label"": ""First Name"", ""value"": ""Likith""}, {""label"": ""Last Name"", ""value"": ""Jayaram Gowda""}, {""label"": ""Phone Number"", ""value"": ""01748856263""}, {""label"": ""Email Address"", ""value"": ""likithjayaramgowda@gmail.com""}, {""label"": ""Address"", ""value"": ""Damerowstraße 14, C/o Balan""}], ""title"": ""Form Details""}, {""rows"": [{""label"": ""Product Name"", ""value"": ""Hshs""}, {""label"": ""Product Size"", ""value"": """"}, {""label"": ""LOT / Serial Number"", ""value"": ""Hshs""}, {""label"": ""Quantity"", ""value"": """"}, {""label"": ""Purchased From (Distributor)"", ""value"": ""Hshs""}, {""label"": ""Country"", ""value"": ""Hshs""}], ""title"": ""Product Information""}, {""rows"": [{""label"": ""Complaint Type"", ""value"": ""Product Defect""}, {""label"": ""Complaint Description"", ""value"": """"}, {""label"": ""Additional Information"", ""value"": """"}, {""label"": ""Primary Solution (If Provided)"", ""value"": ""No""}, {""label"": ""Comments On Solution"", ""value"": """"}], ""title"": ""Complaint Details""}, {""rows"": [{""label"": ""Should this complaint be reported to authorities?"", ""value"": ""No""}], ""title"": ""Regulatory Trigger""}]}"
<<<<<<< Updated upstream
CC2026-19,2026-02-04T09:38:57.260Z,2026-02-04T09:39:25.107674+00:00,"lab@redentnova.de, raz.flieshman@redentnova.de, emilin.varkey@redentnova.de, johannes.meyer-kobbe@redentnova.de, zeev.schreiber@redentnova.de, likithgowdru234@gmail.com",likithgowdru234@gmail.com,Hshs,Bzbs,Hshs,Product Defect,CC2026-19.pdf,,,https://github.com/lab-redentnova/Customer_cc/actions/runs/21666316294,"{""complaint_id"": ""RN-20260204-1038"", ""email_to"": [[""lab@redentnova.de"", ""raz.flieshman@redentnova.de"", ""emilin.varkey@redentnova.de"", ""johannes.meyer-kobbe@redentnova.de"", ""zeev.schreiber@redentnova.de""], ""likithgowdru234@gmail.com""], ""sections"": [{""rows"": [{""label"": ""First Name"", ""value"": ""Likith""}, {""label"": ""Last Name"", ""value"": ""Jayaram Gowda""}, {""label"": ""Phone Number"", ""value"": ""01748856263""}, {""label"": ""Email Address"", ""value"": ""likithgowdru234@gmail.com""}, {""label"": ""Address"", ""value"": ""Damerowstraße 14, C/o Balan""}], ""title"": ""Form Details""}, {""rows"": [{""label"": ""Product Name"", ""value"": ""Bzbs""}, {""label"": ""Product Size"", ""value"": """"}, {""label"": ""LOT / Serial Number"", ""value"": ""Hshs""}, {""label"": ""Quantity"", ""value"": """"}, {""label"": ""Purchased From (Distributor)"", ""value"": ""Hshs""}, {""label"": ""Country"", ""value"": ""Hshs""}], ""title"": ""Product Information""}, {""rows"": [{""label"": ""Complaint Type"", ""value"": ""Product Defect""}, {""label"": ""Complaint Description"", ""value"": """"}, {""label"": ""Additional Information"", ""value"": """"}, {""label"": ""Primary Solution (If Provided)"", ""value"": ""No""}, {""label"": ""Comments On Solution"", ""value"": """"}], ""title"": ""Complaint Details""}, {""rows"": [{""label"": ""Should this complaint be reported to authorities?"", ""value"": ""No""}], ""title"": ""Regulatory Trigger""}], ""submission_id"": ""RN-20260204-1038"", ""submission_timestamp"": ""2026-02-04T09:38:57.260Z"", ""mail_ok"": true, ""mail_error"": """", ""dropbox_ok"": false, ""dropbox_error"": ""name 'upload_pdf_to_dropbox' is not defined"", ""customer_email"": ""likithgowdru234@gmail.com"", ""send_email"": false, ""send_to_customer"": true, ""_sections"": [{""rows"": [{""label"": ""First Name"", ""value"": ""Likith""}, {""label"": ""Last Name"", ""value"": ""Jayaram Gowda""}, {""label"": ""Phone Number"", ""value"": ""01748856263""}, {""label"": ""Email Address"", ""value"": ""likithgowdru234@gmail.com""}, {""label"": ""Address"", ""value"": ""Damerowstraße 14, C/o Balan""}], ""title"": ""Form Details""}, {""rows"": [{""label"": ""Product Name"", ""value"": ""Bzbs""}, {""label"": ""Product Size"", ""value"": """"}, {""label"": ""LOT / Serial Number"", ""value"": ""Hshs""}, {""label"": ""Quantity"", ""value"": """"}, {""label"": ""Purchased From (Distributor)"", ""value"": ""Hshs""}, {""label"": ""Country"", ""value"": ""Hshs""}], ""title"": ""Product Information""}, {""rows"": [{""label"": ""Complaint Type"", ""value"": ""Product Defect""}, {""label"": ""Complaint Description"", ""value"": """"}, {""label"": ""Additional Information"", ""value"": """"}, {""label"": ""Primary Solution (If Provided)"", ""value"": ""No""}, {""label"": ""Comments On Solution"", ""value"": """"}], ""title"": ""Complaint Details""}, {""rows"": [{""label"": ""Should this complaint be reported to authorities?"", ""value"": ""No""}], ""title"": ""Regulatory Trigger""}]}"
=======
CC2026-19,2026-02-04T09:38:58.024Z,2026-02-04T09:39:53.224726+00:00,"lab@redentnova.de, raz.flieshman@redentnova.de, emilin.varkey@redentnova.de, johannes.meyer-kobbe@redentnova.de, zeev.schreiber@redentnova.de, likithgowdru234@gmail.com",likithgowdru234@gmail.com,Hshs,Bzbs,Hshs,Product Defect,CC2026-19.pdf,,,https://github.com/lab-redentnova/Customer_cc/actions/runs/21666316705,"{""complaint_id"": ""RN-20260204-1038"", ""email_to"": [[""lab@redentnova.de"", ""raz.flieshman@redentnova.de"", ""emilin.varkey@redentnova.de"", ""johannes.meyer-kobbe@redentnova.de"", ""zeev.schreiber@redentnova.de""], ""likithgowdru234@gmail.com""], ""sections"": [{""rows"": [{""label"": ""First Name"", ""value"": ""Likith""}, {""label"": ""Last Name"", ""value"": ""Jayaram Gowda""}, {""label"": ""Phone Number"", ""value"": ""01748856263""}, {""label"": ""Email Address"", ""value"": ""likithgowdru234@gmail.com""}, {""label"": ""Address"", ""value"": ""Damerowstraße 14, C/o Balan""}], ""title"": ""Form Details""}, {""rows"": [{""label"": ""Product Name"", ""value"": ""Bzbs""}, {""label"": ""Product Size"", ""value"": """"}, {""label"": ""LOT / Serial Number"", ""value"": ""Hshs""}, {""label"": ""Quantity"", ""value"": """"}, {""label"": ""Purchased From (Distributor)"", ""value"": ""Hshs""}, {""label"": ""Country"", ""value"": ""Hshs""}], ""title"": ""Product Information""}, {""rows"": [{""label"": ""Complaint Type"", ""value"": ""Product Defect""}, {""label"": ""Complaint Description"", ""value"": """"}, {""label"": ""Additional Information"", ""value"": """"}, {""label"": ""Primary Solution (If Provided)"", ""value"": ""No""}, {""label"": ""Comments On Solution"", ""value"": """"}], ""title"": ""Complaint Details""}, {""rows"": [{""label"": ""Should this complaint be reported to authorities?"", ""value"": ""No""}], ""title"": ""Regulatory Trigger""}], ""submission_id"": ""RN-20260204-1038"", ""submission_timestamp"": ""2026-02-04T09:38:58.024Z"", ""mail_ok"": true, ""mail_error"": """", ""dropbox_ok"": false, ""dropbox_error"": ""name 'upload_pdf_to_dropbox' is not defined"", ""customer_email"": ""likithgowdru234@gmail.com"", ""send_email"": false, ""send_to_customer"": true, ""_sections"": [{""rows"": [{""label"": ""First Name"", ""value"": ""Likith""}, {""label"": ""Last Name"", ""value"": ""Jayaram Gowda""}, {""label"": ""Phone Number"", ""value"": ""01748856263""}, {""label"": ""Email Address"", ""value"": ""likithgowdru234@gmail.com""}, {""label"": ""Address"", ""value"": ""Damerowstraße 14, C/o Balan""}], ""title"": ""Form Details""}, {""rows"": [{""label"": ""Product Name"", ""value"": ""Bzbs""}, {""label"": ""Product Size"", ""value"": """"}, {""label"": ""LOT / Serial Number"", ""value"": ""Hshs""}, {""label"": ""Quantity"", ""value"": """"}, {""label"": ""Purchased From (Distributor)"", ""value"": ""Hshs""}, {""label"": ""Country"", ""value"": ""Hshs""}], ""title"": ""Product Information""}, {""rows"": [{""label"": ""Complaint Type"", ""value"": ""Product Defect""}, {""label"": ""Complaint Description"", ""value"": """"}, {""label"": ""Additional Information"", ""value"": """"}, {""label"": ""Primary Solution (If Provided)"", ""value"": ""No""}, {""label"": ""Comments On Solution"", ""value"": """"}], ""title"": ""Complaint Details""}, {""rows"": [{""label"": ""Should this complaint be reported to authorities?"", ""value"": ""No""}], ""title"": ""Regulatory Trigger""}]}"
>>>>>>> Stashed changes
CC2026-20,2026-02-04T09:40:43.985Z,2026-02-04T09:41:05.306753+00:00,"lab@redentnova.de, raz.flieshman@redentnova.de, emilin.varkey@redentnova.de, johannes.meyer-kobbe@redentnova.de, zeev.schreiber@redentnova.de, likithjayaramgowda@gmail.com",likithjayaramgowda@gmail.com,Hshs,Hshs,Shhs,Product Defect,CC2026-20.pdf,,,https://github.com/lab-redentnova/Customer_cc/actions/runs/21666370139,"{""complaint_id"": ""RN-20260204-1040"", ""email_to"": [[""lab@redentnova.de"", ""raz.flieshman@redentnova.de"", ""emilin.varkey@redentnova.de"", ""johannes.meyer-kobbe@redentnova.de"", ""zeev.schreiber@redentnova.de""], ""likithjayaramgowda@gmail.com""], ""sections"": [{""rows"": [{""label"": ""First Name"", ""value"": ""Bsbs""}, {""label"": ""Last Name"", ""value"": ""Hshs""}, {""label"": ""Phone Number"", ""value"": ""Hshs""}, {""label"": ""Email Address"", ""value"": ""likithjayaramgowda@gmail.com""}, {""label"": ""Address"", ""value"": ""Damerowstraße 14, C/o Balan""}], ""title"": ""Form Details""}, {""rows"": [{""label"": ""Product Name"", ""value"": ""Hshs""}, {""label"": ""Product Size"", ""value"": """"}, {""label"": ""LOT / Serial Number"", ""value"": ""Shhs""}, {""label"": ""Quantity"", ""value"": """"}, {""label"": ""Purchased From (Distributor)"", ""value"": ""Hshs""}, {""label"": ""Country"", ""value"": ""Hshs""}], ""title"": ""Product Information""}, {""rows"": [{""label"": ""Complaint Type"", ""value"": ""Product Defect""}, {""label"": ""Complaint Description"", ""value"": """"}, {""label"": ""Additional Information"", ""value"": """"}, {""label"": ""Primary Solution (If Provided)"", ""value"": ""No""}, {""label"": ""Comments On Solution"", ""value"": """"}], ""title"": ""Complaint Details""}, {""rows"": [{""label"": ""Should this complaint be reported to authorities?"", ""value"": ""No""}], ""title"": ""Regulatory Trigger""}], ""submission_id"": ""RN-20260204-1040"", ""submission_timestamp"": ""2026-02-04T09:40:43.985Z"", ""mail_ok"": true, ""mail_error"": """", ""dropbox_ok"": false, ""dropbox_error"": ""name 'upload_pdf_to_dropbox' is not defined"", ""customer_email"": ""likithjayaramgowda@gmail.com"", ""send_email"": false, ""send_to_customer"": true, ""_sections"": [{""rows"": [{""label"": ""First Name"", ""value"": ""Bsbs""}, {""label"": ""Last Name"", ""value"": ""Hshs""}, {""label"": ""Phone Number"", ""value"": ""Hshs""}, {""label"": ""Email Address"", ""value"": ""likithjayaramgowda@gmail.com""}, {""label"": ""Address"", ""value"": ""Damerowstraße 14, C/o Balan""}], ""title"": ""Form Details""}, {""rows"": [{""label"": ""Product Name"", ""value"": ""Hshs""}, {""label"": ""Product Size"", ""value"": """"}, {""label"": ""LOT / Serial Number"", ""value"": ""Shhs""}, {""label"": ""Quantity"", ""value"": """"}, {""label"": ""Purchased From (Distributor)"", ""value"": ""Hshs""}, {""label"": ""Country"", ""value"": ""Hshs""}], ""title"": ""Product Information""}, {""rows"": [{""label"": ""Complaint Type"", ""value"": ""Product Defect""}, {""label"": ""Complaint Description"", ""value"": """"}, {""label"": ""Additional Information"", ""value"": """"}, {""label"": ""Primary Solution (If Provided)"", ""value"": ""No""}, {""label"": ""Comments On Solution"", ""value"": """"}], ""title"": ""Complaint Details""}, {""rows"": [{""label"": ""Should this complaint be reported to authorities?"", ""value"": ""No""}], ""title"": ""Regulatory Trigger""}]}"
CC2026-21,2026-02-04T09:43:52.990Z,2026-02-04T09:44:13.674530+00:00,"lab@redentnova.de, raz.flieshman@redentnova.de, emilin.varkey@redentnova.de, johannes.meyer-kobbe@redentnova.de, zeev.schreiber@redentnova.de, likithgowdru234@gmail.com",likithgowdru234@gmail.com,Hshs,Bsbs,Hags,Product Defect,CC2026-21.pdf,,,https://github.com/lab-redentnova/Customer_cc/actions/runs/21666469326,"{""complaint_id"": ""RN-20260204-1043"", ""email_to"": [[""lab@redentnova.de"", ""raz.flieshman@redentnova.de"", ""emilin.varkey@redentnova.de"", ""johannes.meyer-kobbe@redentnova.de"", ""zeev.schreiber@redentnova.de""], ""likithgowdru234@gmail.com""], ""sections"": [{""rows"": [{""label"": ""First Name"", ""value"": ""Hjsh""}, {""label"": ""Last Name"", ""value"": ""Hshs""}, {""label"": ""Phone Number"", ""value"": ""01748856263""}, {""label"": ""Email Address"", ""value"": ""likithgowdru234@gmail.com""}, {""label"": ""Address"", ""value"": ""Damerowstraße 14A\n3rd Floor C/O Singh""}], ""title"": ""Form Details""}, {""rows"": [{""label"": ""Product Name"", ""value"": ""Bsbs""}, {""label"": ""Product Size"", ""value"": """"}, {""label"": ""LOT / Serial Number"", ""value"": ""Hags""}, {""label"": ""Quantity"", ""value"": """"}, {""label"": ""Purchased From (Distributor)"", ""value"": ""Hshs""}, {""label"": ""Country"", ""value"": ""Hshs""}], ""title"": ""Product Information""}, {""rows"": [{""label"": ""Complaint Type"", ""value"": ""Product Defect""}, {""label"": ""Complaint Description"", ""value"": """"}, {""label"": ""Additional Information"", ""value"": """"}, {""label"": ""Primary Solution (If Provided)"", ""value"": ""No""}, {""label"": ""Comments On Solution"", ""value"": """"}], ""title"": ""Complaint Details""}, {""rows"": [{""label"": ""Should this complaint be reported to authorities?"", ""value"": ""No""}], ""title"": ""Regulatory Trigger""}], ""submission_id"": ""RN-20260204-1043"", ""submission_timestamp"": ""2026-02-04T09:43:52.990Z"", ""mail_ok"": true, ""mail_error"": """", ""dropbox_ok"": false, ""dropbox_error"": ""name 'upload_pdf_to_dropbox' is not defined"", ""customer_email"": ""likithgowdru234@gmail.com"", ""send_email"": false, ""send_to_customer"": true, ""_sections"": [{""rows"": [{""label"": ""First Name"", ""value"": ""Hjsh""}, {""label"": ""Last Name"", ""value"": ""Hshs""}, {""label"": ""Phone Number"", ""value"": ""01748856263""}, {""label"": ""Email Address"", ""value"": ""likithgowdru234@gmail.com""}, {""label"": ""Address"", ""value"": ""Damerowstraße 14A\n3rd Floor C/O Singh""}], ""title"": ""Form Details""}, {""rows"": [{""label"": ""Product Name"", ""value"": ""Bsbs""}, {""label"": ""Product Size"", ""value"": """"}, {""label"": ""LOT / Serial Number"", ""value"": ""Hags""}, {""label"": ""Quantity"", ""value"": """"}, {""label"": ""Purchased From (Distributor)"", ""value"": ""Hshs""}, {""label"": ""Country"", ""value"": ""Hshs""}], ""title"": ""Product Information""}, {""rows"": [{""label"": ""Complaint Type"", ""value"": ""Product Defect""}, {""label"": ""Complaint Description"", ""value"": """"}, {""label"": ""Additional Information"", ""value"": """"}, {""label"": ""Primary Solution (If Provided)"", ""value"": ""No""}, {""label"": ""Comments On Solution"", ""value"": """"}], ""title"": ""Complaint Details""}, {""rows"": [{""label"": ""Should this complaint be reported to authorities?"", ""value"": ""No""}], ""title"": ""Regulatory Trigger""}]}"
